# Ashby job boards, updated 2026-09-30, 3,814 boards (3,478 hiring, 61,272 open jobs that day).
# Board name<TAB>company name. Built by scripts/refresh_companies.py from the Wayback Machine index of jobs.ashbyhq.com, Hacker News hiring posts and public job lists, each board checked live.
0g	0g Labs
0x	0x
10xteam	10x Team
1bios	1bios
1mind	1mind
1password	1Password
1st Formations	1st Formations
1x	1X
30mpc	30 Minutes to President's Club
3E	3E
3commas	3Commas
3imembers	3i Members
3y-health	3Y Health
42dot	42dot
5bluesoftware	5Blue Software
7Gen	Seven Gen
80000hours	80,000 Hours
805title	805Title
8090 Solutions Inc	8090 Solutions Inc
8fleet-inc	8Fleet Inc.
8returns	8returns GmbH
8vc	8VC
9-mothers	9 Mothers
9fin	9fin
A1 Garage Door Service	A1 Garage Door Service
AION Biosciences	AION Biosciences
APEXX	APEXX Global
ARQ	ARQ
ATG	ATG
Abe	Abe
Abode Money	Abode Money
Abound	Abound
Abridge	Abridge
Accord	Accord
Acorns	Acorns
Adaptive	Adaptive
AeroVect	AeroVect
AfterQuery	AfterQuery
Agent	Agent
AgentMail	AgentMail
Agentis-Capital-Advisors	Agentis Capital Advisors
Aios	AIOS  (YC W20/S21)
Ajax	Ajax
AlephAlpha	Aleph Alpha
Allswell	Allswell
Almabase	Almabase
Altis Labs	Altis Labs
Amari	Amari
Ambral	Ambral
Ambrosia-Energy	Ambrosia Energy
American Terawatt	American Terawatt
Ampersand	Ampersand
Amplo	Amplo
Anagram	Anagram
Anima	Anima
Anon	Anon
Antares	Antares
Anthos Capital	Anthos Capital
Aphex	Aphex
Apiphany	Apiphany
Applied Compute	Applied Compute
Aquant	Aquant
Arbor	Arbor
Arch	Arch
Archy	Archy
Arlo	Arlo
Armory	Armory
Ashby	Ashby
Aspora	Aspora
AstralisFoundation	Astralis Foundation
Astro-Mechanica	Astro Mechanica
Atolio	Atolio
Augustus	Augustus
Authorium	Authorium
Aven	Aven
Away	Away
BIOptimizers	BIOptimizers
Base	Base
Bastion	Bastion
Baton	Baton
Ben	Ben
Bevel	Bevel
Bifrost	Bifrost AI
Bioscope AI	Bioscope AI
Blackpoint Cyber	Blackpoint Cyber
Blacksmith	Blacksmith
Blacksmith Agency	Blacksmith Agency
Blockworks	Blockworks
Blossom-Health	Blossom Health
Blue-Raincoat-Music	Blue Raincoat Music
Boom	Boom
Boost	Boost
Bounce	Bounce
Braiins	Braiins
Braintrust	Braintrust
BranchInsurance	Branch Financial, LLC
Brodie Rec League	Brodie Rec League
Brookwood	Brookwood
C1	C1
CUBE	CUBE
Cambly	Cambly
Capable	Capable Labs
Cape	Cape
Catio	Catio
Cedar	Cedar
Cello	Cello
ChartHop	ChartHop
Cheiron	Cheiron
Chestnut	Chestnut
Chief	Chief
Chromatic	Chromatic
Cirrus Systems	Cirrus Systems, Inc.
Citizen	Citizen
Citizen Health	Citizen Health
Civic Roundtable	Civic Roundtable
ClassDojo	ClassDojo
Clera	Clera
Cleric	Cleric
Clerk	Clerk
ClinicallyAI	Clinically AI
Clipbook	Clipbook
Close	Close
CloudZero	CloudZero
CoachHub Careers	CoachHub
Coalesce	Coalesce
CodaMetrix	CodaMetrix
Coframe	Coframe
Coinflow	Coinflow
Coinhako	Coinhako
Commons	Commons
Commure	Commure
Compound Jobs	Twenty Labs
Conception	Conception
Conduit	Conduit
Convey	Convey (formerly Message Broadcast)
Coperniq	Coperniq Inc.
CorePlan	CorePlan
CourseCareers	CourseCareers
Coworker	Coworker.ai
Crusoe	Crusoe
Cyberhaven	Cyberhaven
CylinderHealth	Cylinder Health
Dapster	Dapster
Dataleap	Dataleap
DatologyAI	DatologyAI
DealRoom Inc	DealRoom Inc
Deel	Deel
DeepL	DeepL
Deepgram	Deepgram
Deepnote	Deepnote
DehazeLabs	Dehazelabs
Delphina	Delphina
Diagrid	Diagrid
DimRed	DimRed
Discovery-Loop	Discovery Loop
Dispatch	Dispatch
Distyl	Distyl AI
DivineResearch	Divine
Dominion Dynamics	Dominion Dynamics
Doppel	Doppel
Doppler	Doppler
DoubleZero	DoubleZero
DubClub	DubClub
EON	EON
EYT	Extend Your Team
Easygenerator	Easygenerator
Edgesource Corporation	Edgesource Corporation
Edison Scientific	Edison Scientific
Egra	Egra
Electric	Electric
ElevenLabs	ElevenLabs
EliseAI	EliseAI
Empo Health	Empo Health
Endgame	Endgame
Envoy	Envoy
Eon Systems	Eon Systems
Epistemix	Epistemix
Eragon	Eragon
Escape	Escape Technologies
Etched	Etched
EverOps	EverOps
Evolve	Evolve AI Ltd
Evvy	Evvy
FINNY	FINNY
FLORA	FLORA
FORDEFIJobs.ashbyhq.com	FORDEFI
FSH	FSH Technologies
FURTHER	FURTHER
Fab2	Fab2
Felix	Felix
Ferovinum	Ferovinum Limited
Fiducial	Fiducial
FirstPrinciples	FirstPrinciples
FleetWorks	FleetWorks
Fleetcraft	Fleetcraft
Float	Float
FloatMe	FloatMe
Flock Safety	Flock
Flowtel	Flowtel
FlutterFlow	FlutterFlow
Foresight Diagnostics Inc.	Foresight Diagnostics Inc.
Fort Health	Fort Health
Forward Financing	Forward Financing
Foundational Industries	Foundational Industries
Fourier	Fourier
Frameplay	Frameplay
Fuel-Cycle	Fuel Cycle
Fulcrum	Fulcrum
Fuse	Fuse
G2	G2
GPTZero	GPTZero
Gaia Health	Gaia Health
Gardens	Gardens Interactive
Geoforce	Geoforce
GigaML	Giga
GitBook	GitBook
GoVenti	Venti Technologies
Goldsky	Goldsky
GotPhoto	GotPhoto
GovEagle	GovEagle
GovSignals	GovSignals
GovWell	GovWell
Graphitehq	Graphite
GravityClimate	Gravity
Gray Swan AI	Gray Swan AI
Greenboard	Greenboard
Gridium	Gridium
Grindr LLC	Grindr
GrowthX AI	GrowthX AI
Gruntwork	Gruntwork
Gumloop	Gumloop
HUMAN	HUMAN
Haast	Haast
Hamming AI	Hamming AI
Hang	Hang
Harmonic	Harmonic
Harrison.ai	Harrison.ai
Hartbeat	Hartbeat
Hatch	Hatch
Headstart	Headstart
HealthMatch	HealthMatch
Healthtech-1	Healthtech-1
Higharc	Higharc
HighlightTA	HighlightTA
Hippocratic AI	Hippocratic AI
Homebound	Homebound
Honey Homes	Honey Homes
Horizon	Horizon Institute for Public Service
Hubs.is	Hubs.is
Human Intuition	Human Intuition
Humanly	Humanly
Hyperbound	Hyperbound
Hyperliquid Labs	Hyperliquid Labs
IT Labs	IT Labs
Ideal Dental	Ideal Dental
Ideogram	Ideogram
Inception Point AI	Inception Point AI
Inclined	Inclined
Infinite Lambda	Infinite Lambda
Influxdata	InfluxData
Injective	Injective
InoviaCapital	Inovia Capital
InscribeAI	Inscribe
Inspectiv	Inspectiv
Intelligence-Security-Laboratories	Intelligence Security Laboratories
Intellistack	Intellistack
Interrahealth	Interra Health
Irregular	Irregular
Jasper AI	Jasper
Jellyfish	Jellyfish
Jerry.ai	Jerry.ai
Joyteractive	Joyteractive
Juicebox	Juicebox
Jump	Jump
Junction	Junction
Karman Industries	Karman Industries
Kastle	Kastle
Keragon	Keragon Inc
Keyrock	Keyrock
Kingdom	Kingdom
Kirin	Kirin
Known	Known
Kognitos	Kognitos
Kojo	Kojo
Kombo	Kombo
Konnected	Konnected
Kota	Kota
Koyfin	Koyfin
Kueski	Kueski
Kustomer	Kustomer
LAI	Lead Allies Inc
LIV-Golf	LIV Golf
Lambda	Lambda
Lance	Lance
LatchBio	LatchBio
Latent Defense	Latent Defense
Latitud	Latitud
LawDepot	LawDepot
LeanData	LeanData
LeanLayer	Lean Layer
LeanTech	Lean Technologies
LevHaolam	Lev Haolam World Ltd.
Level-AI	Level AI
Levelpath	Levelpath
Lido.fi	Lido
LifeLabs Learning	LifeLabs Learning
Lightdash	Lightdash
Lightfield	Lightfield
Lime	Lime
Linkup	Linkup
Local Infusion	Local Infusion
Lorikeet	Lorikeet
Luminary	Luminary
Lunon	Lunon
M-KOPA	M-KOPA
MSquared	MSquared
MUBI	MUBI
MUI	MUI
Magical	Magical
Mapbox	Mapbox
Marathon Fusion	Marathon Fusion
MarcoHire	Marco
Mastra	Mastra
MaticRobots	Matic
Maxima	Maxima
Meadow	Meadow
MediCircle	MediCircle
Merge Labs	Merge Labs
Mintlify	Mintlify
Molg	Molg
Moonlake	Moonlake
MotherDuck	MotherDuck
Move Concierge	Move Concierge
Moxie	Moxie
Multitude Insights	Multitude Insights
Mutiny	Mutiny
NOCTOVO	NOCTOVO
NPX	Nuclear Promise X
Nango	Nango
Nash	Nash
NationGraph	NationGraph
Natter	Natter
Nautilus Biotechnology	Nautilus Biotechnology
Neon	Neon
Neon Money Talks	Neon
New Story	New Story
NewOrbit	NewOrbit Space
NextPatient	NextPatient
Niural	Niural
Nivoda	Nivoda
NormalComputing	Normal Computing Corporation
OBRIO	OBRIO
OXIO	OXIO Corporation
Ontic	Ontic
Opal	Opal Security
Opal-OS	Opal
OpenHands	OpenHands
OpenSea	OpenSea
OpsLevel	OpsLevel
Opus1	Opus1
Oso	Oso
Ostrom	Ostrom
OurRitual	OurRitual
Outpost	Outpost
Outrival	Outrival
Outsmart	Outsmart
Overjet	Overjet
P-1 AI	P-1 AI
PACELoanGroup	PACE Loan Group
PAR Technology	PAR Technology
PRISM	PRISM
Pagos	Pagos
Panoptyc	Panoptyc
Paradigm	Paradigm
Paragon	Paragon
Parkade	Parkade
Passthrough	Passthrough
PaveBank	Pave Bank
PaxosLabs	Paxos Labs
Payscale	Payscale
PeakMetrics	PeakMetrics
Pear-VC	Pear VC
Pearmill	Pearmill
Pelico	Pelico
Pemberton	Pemberton
Perchwell	Perchwell
Perk	Perk
Perplexity	Perplexity
Phil	PHIL
Pivot	Pivot
PlantingSpace	PlantingSpace
Plaud	Plaud
Playbook	Playbook
Playground	Playground
Playground Global	Playground Global
Playlab	Playlab
Pocket Worlds	Pocket Worlds
Poetiq	Poetiq
PoggioLabs	Poggio Labs
Point	Point
PointOne	PointOne
Post	Post.
Powerlattice	Powerlattice Technologies Inc.
Preference-Model	Preference Model
Prima Mente	Prima Mente
PrimeIntellect	Prime Intellect
Profound	Profound
Promise	Promise
Prompt	Prompt
Prophet Tech Pty Ltd	Prophet Tech Pty Ltd
Prospyr	Prospyr
Protex AI	Protex AI
ProvenirInc	Provenir Inc
ProximaAI	Proxima
Pulsora Inc	Pulsora, Inc.
Pyyne	Pyyne
QAWolf	QA Wolf
REGENT	REGENT
RWA.xyz	RWA.xyz
Railway	Railway
Rasa	Rasa
Reaktor	Reaktor
Rebecca-School	Rebecca School
Recall	Recall
Recurrency	Recurrency
Red6	Red 6
Redesign Health	Redesign Health
Redis	Redis
ReflexRobotics	Reflex Robotics
Reka	Reka
ReklameHealth	ReKlame Health
Remedy Scientific	Remedy Scientific
Renterra	Renterra
Replicant	Replicant
Reprise Financial	Reprise Financial
Reset	Reset
Resilience Care	Resilience Care
ResolveAI	ResolveAI
RevenueVessel	Revenue Vessel
Rhythms	Rhythms
Ricursive Intelligence	Ricursive Intelligence
Ridealso	ALSO
Roadrunner	Roadrunner
Rogo	Rogo
Root Financial	Root Financial
Rose Rocket	Rose Rocket
Rothys	Rothy's
Rox-Data-Corp	Rox Data Corp
Runway	cfo.ai
SASH	Singapore AI Safety Hub
SKELAR-Platform	SKELAR Platform
SageOx	SageOx
Sahara	Sahara
SalesPatriot	SalesPatriot
Sandstone	Sandstone
Scale Army Careers	Scale Army Careers
Scholarly	Scholarly
Sciforium	Sciforium
ScribdInc	Scribd, Inc.
SearchApi	SearchApi
SearchStax	SearchStax
Second-Front-Systems	Second Front Systems
SecondDinner	Second Dinner
Sentradel	Sentradel
Serval	Serval
ServedWithHonor	Served With Honor
Shasqi	Shasqi
ShiftKey	ShiftKey
ShortStory	Short Story
Sierra	Sierra
SigNoz	SigNoz
SignalFire	SignalFire
Silver	Silver.dev
Sine Engineering	Sine Engineering
Siro	Siro
SiteMinder	SiteMinder
Sitemate	Sitemate
Skalar	Skalar
Skip	Skip
SkyLink	SkyLink
Skydropx	Skydropx - Frenet
SlingshotAI	Slingshot AI
Snappy	Snappy
SoLo Funds	SoLo Funds
Socotra	Socotra
Solace	Solace
Solana Foundation	Solana Foundation
Solvd	Solvd
Sona	Sona
Sondermind	SonderMind
Sonio	Sonio
Sorare	Sorare
Span.app	Span
Speakeasy	Speakeasy
Speckle	Speckle
Sphinx	Sphinx
Stand	Stand
StandInsurance	Stand Insurance
StandardBots	Standard Bots
Staycation	Staycation
Steadily	Steadily
Stepful	Stepful
Stony Creek Homes	Stony Creek Homes
Stora	Stora
Straia	Straia
Strava	Strava
Stride Build	Stride Build
Sui Foundation	Sui Foundation
Suite-Studios	Suite Studios
SunnyData	SunnyData
Superhuman Platform Inc	Superhuman
Swoop	Swoop Technologies
Symmetry	Symmetry AI
Syndica	Syndica
Synergy Pet Group	Synergy Pet Group
Tabs	Tabs
Talos-Trading	Talos
TaptapSend	Taptap Send
Taste-Labs	Taste Labs
Technimove	Technimove
Technitask	Technitask
Tembo-Health	Tembo Health
Tempo	Tempo
TensorWave	TensorWave
TerraFirma-Inc	TerraFirma
Terranova	Terranova
The Agency Fund	The Agency Fund
The Browser Company	The Browser Company
The Job Sauce	The Job Sauce
The Zebra	The Zebra
The-Flex	The Flex
Theori	Theori
TheyDo	TheyDo
ThinkingMachines	Thinking Machines Lab
Tides	Tides Network
TigerData	Tiger Data
Tillster	Tillster
Toku	Toku
TonicAI	Tonic AI
Tools for Humanity	Tools for Humanity
Transfr	Transfr
Tremendous	Tremendous
Trenchant	Trenchant
Trexo Robotics	Trexo Robotics
Trunk Tools	Trunk Tools, Inc.
TwoStepTx	TwoStep Therapeutics
UHP-UnlockHumanPotential	UHP (Unlock Human Potential)
US Health Partners	US Health Partners
Uberall	Uberall
Unblocked	Unblocked
Union	Union.ai
Unlearn	Unlearn
Unwrap	Unwrap
UpCodes	UpCodes
VITL	VITL
VLogic	VLogic
VREY	VREY
Valcre	Valcre
Valon	Valon Tech
Varick-Agents	Varick Agents
Verne Robotics	Verne Robotics
Vetcove	Vetcove
Vibrant Planet	Vibrant Planet
Vic.ai	Vic.ai
Vidmob	Vidmob
Viz.ai	Viz.ai
Vogel	Vogel
Vori	Vori
Voxel	Voxel
Voya Energy	Voya Energy
Vultr	Vultr
Vytalize Health	Vytalize Health
WA.Technology	WA.Technology
WON.ai	WON
WRITER	WRITER
Watershed	Watershed
Winona	Winona
Wisp	Wisp
Wordly.ai Careers	Wordly.ai
WunderGraph	WunderGraph, Inc.
XDOF	XDOF
XMTP Labs	XMTP Labs
Zania	Zania
Zello	Zello
Zeromark	Zeromark
Zip Security	Zip Security
Zircuit	Zircuit
a-place-for-mom	A Place for Mom
a-team	A.Team
a16z-new-media	a16z New Media
a37	a37
aacigroup	AACI Group, Inc.
aaru	Aaru
abacum	Abacum
abby-care	Abby Care
absci	Absci
absentia-labs	Absentia Labs
absorblms	Absorb
abstraction.games	Abstraction
abundant	Abundant
abusix	Abusix
academia	Academia.edu
acai	Acai Travel
access	Access Destination Services
accurx	Accurx
acd	AIA Contract Documents
ace-1-media	Ace 1 Media
achilleshr	Achilles
achira	Achira
aclima	Aclima, Inc.
acquird	Acquird.io
acquisition	Acquisition.com
activesite	Active Site
adapt	Adapt API
adaption	adaption
adaptivesecurity	Adaptive Security
adaptyv	Adaptyv
addi	Addi
additiveai	Additive AI
adelphi-ai	Adelphi
aditude	Aditude
adonis	Adonis
adthena	Adthena
aduro-advisors	Aduro Advisors
advanced-systems-group	Advanced Systems Group
aegis-ai	Aegis AI
aerovy	Aerovy
aescape	Aescape
afference	Afference Inc
affinity.co	Affinity
agavegames	Agave Games
agentio	Agentio
agi-inc	AGI, Inc.
aiand	ai&
aibidia	Aibidia
aida	Aida
aidigest	AI Digest
aidkit	AidKit
aim4hire	Aim4Hire
aiprise	AiPrise
airapps	Air Apps
airbound	Airbound
airbyte	Airbyte
airgarage	AirGarage
airgoods	Airgoods
airops	AirOps
airspace-intelligence.com	ASI
airtasker	Airtasker
airwallex	Airwallex
aisle	Aisle
aiuc	Artificial Intelligence Underwriting Company
aiwyn	Aiwyn
akasa	AKASA
akur8	Akur8
alan	Alan
alaro	Alaro
alcazar-energy	Alcazar Energy
alchemy	Alchemy
alden	Alden Labs
alembic	Alembic
aleph	Aleph
alexai	Alex AI
algo1	algo1
allarahealth	Allara
allen-control-systems	Allen Control Systems
allica-bank	Allica Bank
allium	Allium
alljoined	Alljoined
allminds	Allminds
allocate	Allocate
alloyenterprises	Alloy Enterprises
alloyriver	Alloy River
allspice	AllSpice
allwyn-corp	Allwyn Corp
almedia	Almedia
almetra	Almetra
aloe-identity	Aloe Identity
alohi	Alohi SA
alotten-inc	Alotten
alpacahealth	Alpaca Health
alpenlabs	Alpen Labs
alpha	Alpha
alpha-design-ai-inc	ChipAgents
alphalifesci	Alpha Life Sciences
alpic	Alpic
alta-ares	Alta Ares
alternativepayments	Alternative Payments
altimate	Altimate.ai
altis	Altis
altura	Altura
alva-energy	Alva Energy, Inc
amagistechcareers	AmagisTech
amber	amber
ambiencehealthcare	Ambience Healthcare
ambient.ai	Ambient.ai
amboss	AMBOSS
ambrook	Ambrook
ameba	Ameba
americaachieves	America Achieves
american-housing	The American Housing Corporation
americanoperator	American Operator
ami	AMI
amo	amo
ampeers	Ampeers
amperos	Amperos
amplify	Amplify
amplitude	Amplitude
anam	Anam AI
anara	Anara
andela	Andela
andera	Andera
andercore	Andercore
ando	Ando
andotechnologies	Ando Technologies, Inc
andromeda	Andromeda Cluster
angi	Angi
anglehealth	Angle Health
ankar	Ankar
ankorstore	Ankorstore
annaautismcare	Anna Autism Care
anomalo	Anomalo
anrok	Anrok
ansiblehealth	AnsibleHealth Inc.
answersnow	AnswersNow Inc
antaiventures	Antai Ventures
anterior	Anterior
anthelioncap	Anthelion Capital
anthrogen	Anthrogen
antimetal	Antimetal
antioch	Antioch
antithesis	Antithesis
anuvaya	Anuvaya Labs
anyone-ai	Anyone AI
anyscale	Anyscale
anysignal	AnySignal
anything	Anything
anyvan	AnyVan
apella	Apella
apex-technology-inc	Apex Technology, Inc.
apexgrowth	Apex Growth
apify	Apify Technologies s.r.o.
aplazo	Aplazo
apolink	Apolink Communcations
apollo-graphql	Apollo GraphQL
apollo-information-systems	Apollo Information Systems
apple-roofing	Apple Roofing
applied	Applied Intuition
appliedlabs	Applied Labs
april	april
apron	Apron
aptible	Aptible
aptosfoundation	Aptos Foundation
aptura	Aptura
aqua-voice	Aqua Voice
aquark	Aquark Technologies Ltd
arago	Arago
arb-interactive	ARB Interactive
arbiter-ai	Arbiter AI
arcade	Arcade
arcade-ai	Arcade
arcadeai	Arcade
arch.com	Arch
archil	Archil
architect	Architect Labs
archive	Archive
arclight-consulting	ArcLight Consulting
arcturus	Arcturus
arda-therapeutics	Arda Therapeutics
ardea-partners	Ardea Partners
arena	Arena Intelligence, Inc.
arenanet	ArenaNet
argon-ai	Argon AI
arini	Arini
arizent	Arizent
arketa	Arketa
armadin	Armadin
aro.homes	Aro Homes
arrakis	Arrakis Finance
array-behavioral-care	Array Behavioral Care
arrive	Arrive
artafinance	Arta Finance
artemis	Artemis
arthur-ai	Arthur AI
artian	Artian AI
articul8	Articul8
artie	Artie
artificial.agency	Artificial.Agency
artificialanalysis	Artificial Analysis, Inc.
artisan	Artisan
artsy	Artsy and Artnet
aryahealth.ai	Arya Health
asari.ai	Asari AI
ascertain	Ascertain
ashgro	Ashgro
asimov	Asimov
askdragonfly	Dragonfly
aso-careers	Agresta, Storms & O’Leary, PC
assemble	Assemble
assembledhq	Assembled
assorthealth	Assort Health
assured	Assured
assured-health	Assured
astera	Astera Institute
asteriAI	Asteri AI, Inc.
astra	Astra
astral	Astral
astrocade	Astrocade
astronomer	Astronomer
asula	Asula Labs
asymmetric.re	asymmetric.re
atalanta	Atalanta
ataraxis-ai	Ataraxis AI
athena-hq	AthenaHQ
athenaactuarial	Athena Actuarial Consulting
atlan	Atlan
atlas	Atlas
atlas-privacy	Atlas Privacy
atlasonc	Atlas Oncology Partners
atlasresidential	Atlas Residential
atob	AtoB
atomic	Atomic
atomic-financial	Atomic Fi
atomic-invest	Atomic Invest
atomicindustries	Atomic Industries
atominvest	Atominvest
atomos	Atomos Systems
atp	AT Process Technologies
atrato	Atrato
atria	Atria
atroposhealth	Atropos Health
attention	Attention Engineering
atticus	Atticus
attio	Attio
auctor	Auctor
audiohook	Audiohook
augmodo	Augmodo
augrade	Augrade Inc
augur	Augur Initiative Ltd
augurai	Augur
august	August
aurelian	Aurelian
aureliussystems	Aurelius Systems
auror	Auror
aurorasolar	Aurora Solar
authzed	AuthZed
automat	Automat, Inc.
autoscience	Autoscience
ava-labs	Ava Labs
avantos	Avantos AI
avarra	Avarra
avelios-medical	Avelios Medical
aveni	Aveni
avid4	Avid4 Adventure
avida	Avida
avoca	Avoca
avora-agency	Ayora
avra	Avra
axelera	Axelera AI
axiom	Axiom
axiom-co	Axiom
axiombio	Axiom
axiommath	Axiom Math
axion	Axion
axle-careers	Axle Energy
axle-health	Axle Health
axle-mobility	Axle Mobility
aztec-labs	Aztec Labs
b2spin	B2spin
baba	Baba
babbel	Babbel
backbone	Backbone
backflip	Backflip
backflip.ai	Backflip
backmarket	Back Market
badrobotgames	Bad Robot Games
bagsfm	Bags
balorgames	Balor Games
bankjoy	Bankjoy
bantamcommunications	Bantam Communications
barkbus	Barkbus
barnes	Barnes & Thornburg LLP
barti	Barti
basata	Basata Inc
base-operations	Base Operations
base-power	Base Power Company
basecompute	Base Compute
baseten	Baseten
basiccapital	Basic Capital
basis-ai	Basis AI
basis-research	Basis Research Institute
batoncorporation	Baton Corporation Ltd
battle-creek-games	Battle Creek Games
bayesianhealth	Bayesian Health, Inc.
beaconai	Beacon AI
beacons	Beacons
beaconsoftware	Beacon Software
beam-up	Beam
beamery	Beamery
beamimpact	Beam Impact
beavr	Beavr
because-market	Because Market
bedrock-robotics	Bedrock Robotics Inc
bedrockocean	Bedrock Ocean Exploration
believer	Believer
belvo	Belvo
bem	bem
benchling	Benchling
benchmarkhealth	Benchmark Health
benepass	Benepass
benevity	Benevity
berlitz	Berlitz
beside	Beside
bespokelabs	Bespoke Labs
bestow	Bestow
better-mortgage	Better Mortgage
bettercloud	BetterCloud, Inc.
bettermile	Bettermile
bettermoney	The Better Money Company
betterup	BetterUp
beyondmath	BeyondMath
bicara-therapeutics	Bicara Therapeutics
big-leap-health	Big Leap Health
biggergames	Bigger Games
bild-ai	Bild AI
billie	Billie
billups	billups
binalyze	Binalyze
binance.us	Binance.US
binti	Binti
bio	BIO
biofire	Biofire
birdie	Birdie
bite	Bite Engineering
bitnomial	Bitnomial
bitstack	Bitstack
bitvavo	Bitvavo
bivacor-inc	BiVACOR Inc
bjakcareer	Bjak
blackbird-labs-inc	Blackbird Labs Inc
blackbox-strategies	BlackBox Strategies
blacksemiconductor	Black Semiconductor GmbH
blackstar	Blackstar Computers, Inc.
bland	Bland
blank-metal	Blank Metal
blankexampleinstance	Blank Instance
blast-io	Blast
blaxel	Blaxel
blink	Blink Tech Inc
bliro	Bliro GmbH
blissway	Blissway Inc.
blitzy	Blitzy
block-labs	Block Labs
blockdaemon	Blockdaemon
blockhouse	Blockhouse
blockit	Blockit AI
blockstream	Blockstream
blooming-health	Blooming Health
bloxd	Bloxd
blp-digital	BLP Digital AG
blue-energy	Blue Energy
blueberrypediatrics	Blueberry Pediatrics
bluedot	BlueDot Impact
bluenote	Bluenote
blumen	Blumen Systems
boam	Boam AI
bobyard	Bobyard
bold	Bold.org
boldgames	Bold Games
bolna	Bolna AI
bolt-farm	Bolt Farm Treehouse
bookkeeper360	Bookkeeper360
boon	Boon Technologies, Inc.
boostly	Boostly
bootloop	BootLoop
botanictonics	Botanic Tonics
boulder-care	Boulder Care
bracket-bot	Bracket Bot Inc.
brainbaselabs	Brainbase Labs
brainco	Brain Co.
brainly	Brainly
brale	Brale
branchlab	BranchLab
brandlight	Brandlight
bratte	Bratte
bravehealth	Brave Health
breadcrumb	Breadcrumb
breaker	Breaker
breakmark	Breakmark
bree	Bree
brelle	Brelle
brellium	Brellium
brettonai	Bretton AI
bridger	Bridger
brightstar-ai	Brightstar.AI
brightwheel	brightwheel
brigit	Brigit
brimstone	Brimstone
brinc	BRINC
brisk-teaching	Brisk Teaching
bristleconecompanies	Bristlecone Companies
brm.ai	BRM
broccoli	Broccoli AI
brooklinen	Brooklinen
brooklyn-health	Brooklyn Health
browserbase	Browserbase
bubble	Bubble
buena	Buena
buffer	Buffer
build	Build Technologies
builder-prime	Builder Prime
buildforce	Buildforce
buildlinX	Buildlinx GmbH
buildops	BuildOps
buildout	Buildout
built-robotics	Built Robotics Inc
bulletfarm	BulletFarm
bullpen-talent	Bullpen Talent
bumbleinc	Bumble Inc.
bunch	bunch
bunkerhillhealth	Bunkerhill Health
bureau	Bureau
burklandassociates	Burkland Associates
buspatrol	BusPatrol
butterflymx	ButterflyMX
bynder	Bynder
cadence-group-software-inc	Cadence Group Software Inc
cadregs	CADRE GOVERNMENT SOLUTIONS
callosum	Callosum
camber	Camber
cambio	Cambio AI Inc.
cambium	Cambium
campfire	Campfire
campus	Campus
camunda	Camunda
canals	Canals
candidate.fyi	candidate fyi
candidhealth	Candid Health
candidintelligence	Candid Intelligence
cantina	Cantina
canvas-medical	Canvas Medical
capchase	Capchase
capimoney	Capi Money
capital-v-strategies	Capital V Strategies
capsa	Capsa AI
capsule	Capsule
capy	Capy
cara-ai	Cara
carbonx	CarbonX
cardboard	Cardboard, Inc
cardless	Cardless
careers.azx.io	AZX
careerstrengo	Trengo
careerswift.ai	Careerswift
caremessage	CareMessage
careway	Careway Health
cargado	Cargado
cargo-one	cargo.one
caribou	Caribou
carnot-ai	Jinba.io
carrara	Carrara
cartesia	Cartesia
caruso	Caruso
carwow	Carwow
cas	Cloud Accountant Staffing
casa	Casa
casca	Casca
casdin-capital	Casdin Capital
casium	Casium
cassihome	Cassi Home
castle	Castle
castletontower	Castleton Tower
catalog	Catalog
catalyst	Catalyst
catchafire	Catchafire
category-labs	Category Labs
catena	Catena
causal	Causal Labs
causaly	Causaly
causaprima	Causa Prima
cbai	Cambridge Boston Alignment Initiative
cchn	Carolina Complete Health Network
ceartas	Ceartas
ceezer	CEEZER
ceilix	CeiliX
cellular-intelligence	Cellular Intelligence
centari	Centari
centerfield	Centerfield
centivo	Centivo
centreforeffectivealtruism	Centre for Effective Altruism
centuro-global-careers	Centuro Global
cerebras	Cerebras Systems
cernel	Cernel
certa	Certa
certifyos	CertifyOS
cerve	Cerve Global Ltd
chaidiscovery	Chai Discovery
chainalysis-careers	Chainalysis
chainalysis-government-solutions	Chainalysis Government Solutions
chainlink-labs	Chainlink Labs
chakra-labs	Chakra Labs
chalice	Chalice Custom Algorithms
chalkboard	Chalkboard
chambercardio	Chamber Cardio
chamelio	Chamelio
change	Change.org
chapter	Chapter
character	Character.AI
charge-robotics	Charge Robotics
chariot	Chariot
chariotclaims	Chariot Claims
chartahealth	Charta Health
chartis	Chartis
chatbase	Chatbase
chattermill	Chattermill Analytics Limited
check-technologies	Check
checkatrade	Checkatrade
checkly	Checkly
checkout.com	Checkout.com
chilipiper	Chili Piper
choco	Choco
cinder	Cinder
circleback	Circleback
circuithub	CircuitHub
circulareconomysystems	Circular Economy Systems
ciridae	Ciridae
ciroos	Ciroos
citadel-ai	Citadel AI
civicmarketplace	CivicMarketplace
civilgrid	CivilGrid
claim-health	Claim Health
claimsorted	ClaimSorted
clair	Clair
clarasight	Clarasight
clarify	Clarify
clarion	Clarion
clarity	Clarity
claritymovescapital	Clarity
claritypay	ClarityPay
claritypediatrics	Clarity Pediatrics
clarium	Clarium
clark	Clark
claryo	Claryo
clasp	Clasp
clasp-group	Clasp
classavo	Classavo
claylabs	Clay Labs
clearbank	ClearBank
clearco	Clearco
clearly-ai	Clearly AI
clearvector	ClearVector
clickhouse	ClickHouse
clickup	ClickUp
climate-finance-solutions	Climate Finance Solutions
climatiq	Climatiq
clipboard	Clipboard
cloaked	Cloaked
cloudscaler	Cloudscaler
cloudtrucks	CloudTrucks
clover-sonoma	Clover Sonoma
clubhouse	Clubhouse
cluely	Cluely
cmr.london	Cooper Moss Rutland
coactive	Coactive AI
coastal	Coastal Community Bank
cobot	Cobot
cocodelivery	Coco
codat	Codat
code-metal	Code Metal
coder	Coder
coderabbit	CodeRabbit
codes-health	Codes Health
codesphere	Codesphere
codex	Codex
coefficientgiving	Coefficient Giving
cogent-security	Cogent Security
cognita-Imaging	Cognita Imaging Inc.
cognition	Cognition
cohere	Cohere
cohort	Cohort AI Inc
cointracker	CoinTracker
collective	Collective
collegevine.com	CollegeVine
collider	Collider
collinear-ai	Collinear AI
colonist	Colonist
color-health	Color Health
column	Column
comand-ai	Comand AI
comfy-org	Comfy
comind	CoMind
comity	Comity
common-fund	Common Fund for Commodities
commonware	Commonware
community-preservation-corporation	The Community Preservation Corporation
compa	Compa
compass-surgical-partners	Compass Surgical Partners
complement	Complement
complete	Complete
composio	Composio
composite	Composite
compound	Compound Planning, Inc.
compound-eye	Compound Eye
compscience	CompScience
compyl	Compyl
comstruct	comstruct ICT
comun	Comun
concourse	Concourse
concoursetech	Concourse
concurrence	Concurrence
condor-software	Condor Software
conduct	Conduct
conductorai	ConductorAI
conduit-health	Conduit Health
conetic-group	Conetic Group
confiant	Confiant
confido	Confido
confluent	Confluent
confusioncapital	Confusion Capital
connectly	Connectly Inc
conquest	Conquest
console	Console
constellationspace	Constellation Space
constructor	Constructor
contentoo	contentoo
context	Context
contoro	Contoro Inc.
contra	Contra
contrast-security	Contrast Security
conveo	Conveo.ai
conversion	Conversion
convex-dev	Convex
copilot-money	Copilot Money
coralai	Coral AI
coram-ai	Coram AI
coreflow	coreflow
coreoftheheart	Core of the Heart
corgi	Corgi Insurance
corridor	Corridor
corti	Corti
corvus-robotics	Corvus Robotics
cosine	Cosine
cosmic-robotics	Cosmic Robotics
costanoavc	Costanoa Ventures
cosuno	Cosuno
council-capital	Council Capital
counsel	Counsel Health
count	Count
coverbase	Coverbase
coverdash	Coverdash
cow-dao	CoW DAO
cowboyspace	Cowboy Space Corp.
crackenagi	Cracken
cradlebio	Cradle
craft.co	Craft Machine Inc
craftdocs	Craft Docs
creatify	Creatify Lab Inc
creatoriq	CreatorIQ
credal	Credal
creditgenie	Credit Genie
credo.ai	Credo.AI
creem	Armitage Labs
crisp	Crisp
crispgrowth	Crisp
critical-energy	Critical Energy
criticalloop	Critical Loop
crogl	Crogl
croporg	Creating Restorative Opportunities and Programs (CROP)
crosby	Crosby
crossjoin-solutions	Crossjoin Solutions
cruva	Cruva
cruxclimate	Crux
cryptio	Cryptio
cside	Cside
ctgt	CTGT
cubesoftware	Cube
cubic3	Cubic³
cuesta-partners	Cuesta Partners
culturello	Culturello Inc
curri	Curri
cuspai	CuspAI
customuse	Customuse
cybcube	CyberCube
cyber.Fund	cyber•Fund
cybernut	CyberNut
cybret	CYBRET AI
cydea	Cydea
cylake-inc	Cylake, Inc
cytora.com	Cytora
cyvl	Cyvl
d-Matrix	d-Matrix
dailypay	DailyPay
dakota	Dakota
dandelion	Dandelion Energy
dandelionhealth	Dandelion Health Inc
dandy	Dandy
dapper	Dapper
darkroom	Darkroom
darwin	Darwin
dash0	Dash0
databook	Databook Labs, Inc.
datafold	Datafold
dataguard	DataGuard
datalab	Datalab
datalogics	Datalogics, Inc.
dataplor	Dataplor
datatonic	Datatonic
datawizz	Gamut
datum	Datum
dave	Dave
david-ai	David AI
davidenergy	David Energy
davistechnologymanagement	Davis Technology Management
day9	Day[9]'s Game Studio
daydream	DayDream
daydream-ai	Daydream
dcblox	DC BLOX
ddn	DDN
dearestcare	Dearest Care
decagon	Decagon
decimal	Decimal
deck-software	Deck Software
decodahealth	Decoda Health
dedale-intelligence	Dedale Intelligence
dedalus-labs	Dedalus Labs, Inc.
deduction	Deduction
deepjudge	DeepJudge
deeploy	Deeploy
deepsetai	deepset
deeptune	Deeptune
deeter-analytics	Deeter Analytics
definefinancial	Define Financial
definelycareers	Definely
deft-ai	Deft AI, Inc.
defy-security	Defy Security
delfa	Delfa AI
delian	Delian Alliance Industries
deligo	Deligo
delinea	Delinea
deliveroo	Deliveroo
delos-data	Delos Data Inc
delphi	Delphi
delphos-labs	Delphos Labs
demandbase	Demandbase
denari	Denari
dentology	Dentology
deposco	Deposco
depthfirst	DepthFirst
designworkstalent	Designworks Talent
develop-health	Develop Health
devsavant	DevSavant Inc.
dex	Dex
dexmate	Dexmate
dialo	Dialo
dialogueai	Dialogue AI
diffit	Diffit
dimensional	Dimensional
dipper	Dipper
distill	Distill
distributed-spectrum	Distributed Spectrum
ditto	Ditto
dittoai	Ditto
diversified-botanics	Diversified Botanics
docebo	Docebo
docker	Docker
doctolib	Doctolib
doctronic	Doctronic
doinstruct	doinstruct
doji	Doji
dome-systems-inc	Dome Systems Inc
doss	DOSS
dosu	Dosu, Inc.
dotfile	Dotfile
dottxt	dottxt
double	Double
dourolabs.xyz	Douro Labs
dovetail	Dovetail
drata	Drata
dreamthree	Dream Three
drogue	Drogue
droyd	Droyd
dryft	Dryft
dualentry	DualEntry
duck-duck-go	DuckDuckGo
duckbill	Duckbill
duet	Duet
duffel	Duffel
duna	Duna
dune	Dune
dusk	Dusk
dust	Dust
duvo	Duvo Inc
dweet	Dweet
dyna-robotics	Dyna Robotics
dyneti	Dyneti
e-source	E Source
e2b	E2B
eagle	Eagle
earnedwealth	Earned
earthforce	Earth Force
easyllama.com	EasyLlama
echo	Echo Neurotechnologies
echo.ai	Echo
echomark	EchoMark
ecosia.org	Ecosia
edge-node-ventures	Edge and Node Ventures Inc
edgetier.com	EdgeTier
edia	Edia
ediphi	Ediphi
edisyl	Edisyl
edited	EDITED
edlink	Edlink
edra	Edra
edsights	EdSights
educationsuperhighway	EducationSuperHighway
edvisorly	EdVisorly
effective-ai	Effective AI
egym	EGYM
eigen-labs	Eigen Labs
eightsleep	Eight Sleep
eisen	Eisen
ekarobotics	Eka
ekho	Ekho
ekumenlabs	Ekumen
elastix	ElastixAI INC.
electricair	Electric Air
electronx	ElectronX
element451	Element451
element84	Element 84
eleos	Eleos AI Research
elevate-charter-schools	Elevate Charter Schools
eleve-talent	Eleve Talent
eli	Eli Health
elicit	Elicit
eliza	Eliza
ellamind	ellamind
ellipsis-health	Ellipsis Health
ellipsislabs	Ellipsis Labs
elliptic	Elliptic
ello	Ello
eloquentai	Eloquent AI
elorian-ai-inc	Elorian
ema	Ema
embeddable	Embeddable
embedding-vc	Embedding VC
emerald-ai	Emerald AI
emergence-capital-partners	Emergence Capital Partners
emidat	Emidat
emora-health	Emora Health
empirical	Empirical
empirical-security	Empirical Security
enclave	Enclave
encord	Encord
endeavorai	endeavorai.com
endeavorflow	Endeavor
endex	Endex
endra	Endra
endurance-energy	Endurance Energy
eneba	Eneba
engagedmd	EngagedMD
engflow	EngFlow
engram	Engram Lab
enode	Enode
enpal	Enpal
ens-labs	ENS Labs
ent-security	Ent
enter-ai	Enter
envision-horizons	Envision Horizons LLC
epay-policy	ePayPolicy
epianeuro	Epia Neuro
epidemic-sound	Epidemic Sound
epsilon-health	Epsilon Health
equal-ventures	Equal Ventures
equal1	Equal1
equi	Equi
equip	Equip Health
erebor	Erebor
erp.ai	ERP•AI
espa	Espa Labs
espresso	Espresso AI
essentialai	Essential AI
ether.fi	Ether.fi
ethereum-foundation	Ethereum Foundation
ethglobal	ETHGlobal Inc
ethyca	Ethyca
euclid-power	Euclid Power
euphoric	Euphoric Global
eventual	Eventual
eventualcomputing	Eventual
evenup	EvenUp
everai	EverAI
everfield	Everfield
everis	Everis
everself	Everself
everstar	Everstar
evertune	Evertune
evervault	Evervault
every-io	Every.io
everywai	Everywai
exa	Exa
exegy	Exegy
expa	Expa
exponential	Exponential Security Labs
expressable	Expressable
extend	Extend
extropic	Extropic
eye-security	Eye Security
eyebot	Eyebot
eyetell	EyeTell, Inc.
eztexting	EZTexting
f2-ai	F2
fable	Fable Security
fabrion	Fabrion
faction	Faction
factor-eleven	Factor Eleven
factory	Factory
faculty	Faculty
fal-ai	fal
falconer	Falconer
fama-technologies-inc	Fama Technologies
fanvue.com	Fanvue
far.ai	FAR.AI
farel	Farel
farmersd40	Farmers District 40
farmraise	FarmRaise
faros-ai	Faros
farseer	Farseer
farsight	Farsight AI
fastino-ai	fastino.ai
fathom	Fathom
fathom.video	Fathom
faves	Faves
favorited	Favorited
featherlessai	Featherless AI
feathery	Feathery
feathr	Feathr
feedbackfruits	FeedbackFruits
feldera	Feldera
felicity	Felicity
fellowai	Fellow Insights Inc.
fencer	Fencer
fernstone	Fernstone
ferryhealth	Ferry
fetch-pet-health	Fetch Pet
ffg	Full Funnel Growth
fidamy	Fidamy
fiddler-ai	Fiddler AI
fieldguide	Fieldguide
filigran	Filigran
filmhub	Filmhub
fin	Fin
finalis	Finalis
financewithin	FinanceWithin
finary	Finary
fincentify	Fincentify
finch	Finch Care
finch-legal	Finch
findanomaly	Anomaly
findarbor	Arbor
finmid.com	Finmid
finni-health	Finni Health
finout	Finout
finto	Finto
finvari	Finvari
fira-health	Adaptive Home Health
firebirdmusic	Firebird Music
firecrawl	Firecrawl
firetiger	Firetiger
fireworks	Fireworks
first-resonance	First Resonance
firsthand	Firsthand
firstround	First Round Capital
firststreet	First Street
firstwork	Firstwork
fitt	Fitt Talent Partners
fitzroyandassociates	Fitz-Roy & Associates
fizz	Fizz
flaglerhealth	Flagler Health
flagright.com	Flagright
flai	Flai
flashbots.net	Flashbots
flashpoint.io	Flashpoint
flawless	Flawless
fleek	Fleek
fleetline	Fleetline
fleetpulse	FleetPulse
flexspace	Flexspace
flink	Flink Robotics
flint	Flint
flipper	Flipper
flipturn	Flipturn
flock	Flock
flosports	FloSports, Inc.
flowengineering	Flow Engineering
flowhub	Flowhub
flox	Flox
fluency	Fluency
fluidstack	Fluidstack
flux	Flux
fnatic	Fnatic
focal	Focal
focus	Focus
focused	Focused
foley	Foley
folio	Folio
fomo-labs	fomo Labs
fonio	fonio
fonoa	Fonoa
fonzi	Fonzi
footprint	Footprint
forerunner	Forerunner
foresight-health	Foresight Health
forgeatomics	Forge Atomics Inc.
forma	Forma
formal	Formal
formance	Formance
formula	Formula
fortreum	Fortreum
fortuna-health	Fortuna Health
forum-ventures	Forum Ventures
forus	Forus
found	Found
foundation	Foundation
foundational	Foundational
foundationhealthcareers	Foundation Health
founders-factory	Founders Factory
foundry-robotics	Foundry Robotics
fourth-power	Fourth Power
fourtwothree	FourTwoThree
foxelligroup	Foxelli Group
foxglove	Foxglove
fr	Maya HTT (FR)
frec	Frec Markets, Inc.
freckle	Freckle
freda	Freda
freed	Freed
freetrade	Freetrade
freewill	FreeWill
frequence	Frequence
freshpaint	Freshpaint
fresnosummit	Fresno Summit Advisors
friendliai	FriendliAI
frontcareers	Front
frontier-health	Frontier Health
fruitist	Fruitist
fs-studio	FS Studio
fulcrum-inc	Fulcrum
fullstory	Fullstory
fundamental	Fundamental
fundamentalXR	fundamentalXR
fundingcircle	Funding Circle
fundwell	Fundwell
furo	Furo
furtherai	FurtherAI
fuser	Fuser
futrue-neuroscience	FUTRUE Neurosciences
futurefitai	FutureFit AI
futureworks	Future Works
fwd-people	FWD People
fyxer	Fyxer
g2i	G2i Inc.
gadget	Gadget
gaiafamily	Gaia Family Inc
gainsight	Gainsight
gallatin	Gallatin
galvany	GALVANY
gamechanger	GameChanger
gamma	Gamma
garage	Garage
gc-ai	GC AI
gearset	Gearset
gecko-robotics	Gecko Robotics
gelato	Gelato
gem-technologies	GEM Technologies, Inc.
gen-digital	Gen Digital Inc.
gendo	Gendo
general-medicine	General Medicine
generalintelligencecompany	The General Intelligence Company of New York
generalintuition-medal	General Intuition & Medal
generalist	Generalist
generalrobotics	General Robotics
generaltranslation	General Translation
generate	Generate
genesis	Genesis
genesis-molecular-ai	Genesis Molecular AI
genies	Genies
genmd	GenMD
genmo	Genmo
genomics	Genomics
genpeach	GenPeach AI
geobrowser	Geo Browser
geordieai	Geordie AI
georgian	Georgian Partners Growth
getground	GetGround
getscope	Scope AI
ghost	Ghost
gigaton	Gigaton
gigsafe	GigSafe
gimlet	Gimlet Labs
gismart	Gismart
givebutter	Givebutter
glacier	Glacier
glacis-ai	Glacis
gladia	Gladia
glia	Glia
glide	Glide
glimp-se	Glimpse
glimpse	Glimpse
glinttglobal	Glintt Global
global-x-etfs	Global X ETFs
glomo	Glomopay
glot	Glot
glow	Glow
glow25	Glow25
go-augment	Augment
go-nimbly	Go Nimbly
goanagram	Anagram
going	Going
golinks	GoLinks
gooddata	GoodData.AI
goodie-ai	Goodie AI
goodlord	Goodlord
goodmaven	Good Maven
goodparty	GoodParty.org
goodstack	Goodstack
goody	Goody
gorgias	Gorgias
gorilla	Gorilla
goteleport	Teleport
govdash	GovDash
govworx	GovWorx
grabagun	GrabAGun
gradient-labs	Gradient Labs
gradientrobotics	Gradient Robotics
granica	Granica
granola	Granola
granted	Granted
granular-energy.com	Granular Energy
grapevine	Grapevine
graphite	Graphite
gratia	Gratia
gravie	Gravie
gravitysketch	Gravity Sketch
graymatter-robotics	GrayMatter Robotics
greatquestion	Great Question
greenlight-workforce-solutions	GreenLight Workforce Solutions Inc
greenlitecareers	GreenLite
grepr	Grepr
gridcare	GridCARE
gridunity	GridUnity
gridverify	Grid
griffin	Griffin
gritt	Gritt Robotics
grotto	Grotto AI
groundnews	Ground News
groundtruthlabs	Ground Truth Labs
grow-inc	GROW Inc.
grow-therapy	Grow Therapy
grvt	GRVT TECHNOLOGIES
gt-hq	GT
guidelabs.ai	Guide Labs
guild	Guild.ai
h2analytics	H2 Analytics
h3x-technologies	H3X Technologies
haastautonomous	Haast Autonomous
hackerone	HackerOne
hadrian-automation	Hadrian Automation
halliday	Halliday
halo-cures	Halo
halobraid	Halo
halter	Halter
hamilton-ai	Hamilton AI
hammerhead-ai	Hammerhead AI
hamsa	Hamsa
hamster	Hamster
handshake	Handshake
handspring	Handspring
hanover-park	Hanover Park
happl	Happl
happyhotel	happyhotel
happyrobot.ai	Happyrobot Inc.
happyscribe.com	HappyScribe
harmattan-ai	Harmattan AI
harmonic-security-inc	Harmonic Security, Inc
harmony	Harmony
harperinsure	Harper
harvey	Harvey
hauler-hero	Hauler Hero Inc.
haus	Haus Analytics
havocai	HavocAI
hawk	Hawk
hawkeyeinnovations	Hawk-Eye Innovations (HEI)
haydenai	Hayden AI
haystacknews	Haystack News
hazel	Hazel
hcompany	H Company
headway	Headway
healf	Healf
healthaxis	HealthAxis Group, LLC
healthleap	HealthLeap
healthprogresshub	Health Progress Hub
healthsherpa	HealthSherpa
heart-and-soil	Heart & Soil Supplements
hebbia-ai	Hebbia AI
hedra	Hedra
heidihealth.com.au	Heidi
heirloomcarbon	Heirloom Carbon
helicon	Helicon
helion	Helion
helios-intelligence-platforms	Helios
helius	Helius
heliux	Heliux Inc.
hellobrightline	Brightline
hellohera	Hera
hellopatient	Hello Patient
hellyeah	Hellyeah AI
helm-ai	Helm.ai
helpscout	Help Scout
hercules	Hercules
heron-power	Heron Power
herondata	Heron Data
hexa	Hexa
heyjobs	HeyJobs
heymilo	HeyMilo
heypinnacle	Pinnacle
higgsfieldai	Higgsfield
highbeam	Highbeam
highlightai	Highlight AI
hightop-health	Hightop Health
hike-medical	Hike Medical
hilberts	Hilbert's AI
hinge-health	Hinge Health
hinoki	Hinoki Security
hipeople-official	HiPeople
hipp	Hipp Health
hirehangar	Hire Hangar
hirehire	hirehire
hiring-cafe	HiringCafe
hive.co	hive.co
hived	HIVED
hivehealth	Hive Health
hivemq	HiveMQ GmbH
hiverge	Hiverge Ltd
hivesmart-consulting	HiveSmart Consulting
hiya	Hiya
hobbes	Hobbes
hockeystack	HockeyStack
holywater	HOLYWATER TECH
homebase	Homebase
homebot	Homebot
homevision	HomeVision
honeybook	HoneyBook
honeydew	Honeydew
hook	Hook
hookmusic	Hook Music
hopae	Hopae
hopper	Hopper
horizon3ai	Horizon3
hostinger	Hostinger
hotplate	Hotplate
hotspexmedia	Hotspex Media
hoxhunt	Hoxhunt
hoyoverse	HoYoverse
httpie	HTTPie
hubfit	HubFit
hubstaff	Hubstaff
hud	HUD
hudu	Hudu
hum-ai	hum.ai
humaans	Humaans
human-computer-lab	Human Computer Lab
human.capital	Human Capital
humanarchive	Human Archive
humanitec	Humanitec
humanoid	Humanoid
humans-and	humans&
humatahealth	Humata Health, Inc
hyde	Hyde
hyperbolic	Hyperbolic Labs
hypercore	Hypercore Inc.
hypercubic	Hypercubic
hyperexponential	hyperexponential
hyperhug	HyperHug
hyperscale	Hyperscale
hyperscience	Hyperscience
hyperspell	Hyperspell
hypha	Hypha
i-onx	I/ONX HPC
i3d	i3D.net
iVerify	iVerify
iambic-therapeutics	Iambic Therapeutics, Inc
ibotta	Ibotta
iceye	ICEYE
iceye-us-jobs	ICEYE US
icon	Icon
iddqd	IDDQD CAPITAL
ideals	Ideals
idler	idler
ignite-reading	Ignite Reading
ignition	Ignition
illumio	Illumio
imagineart	ImagineArt
immersivelabs	Immersive
impact-networking	Impact Networking
impossible-foods	Impossible Foods
imprint	Imprint
impulse	Impulse Labs
imubiosciences	IMU Biosciences
inato	Inato
inbeat-agency	inBeat Agency
incandescent	Incandescent
incard	Incard
incident	incident.io
indent	Indent
inductive-automation-llc	Inductive Automation LLC
inductive-bio	Inductive Bio
industrious	Industrious
ineffable	Ineffable Intelligence
inertia	Inertia
inferact	Inferact
inference	Inference
infinite	Infinite
infinite-machine	Infinite Machine
infinitefield	Field Technologies FZCO
infinitform	InfinitForm
infinitus	Infinitus Systems
infinity-constellation	Infinity
infisical	Infisical
infiterra	Infiterra  S.A
inflectionio	Inflection.io
infracost	Infracost
inherent	Inherent
injective-labs	Injective Labs
inkeep	Inkeep
innate	Innate
innatera	Innatera Nanosystems
inngest	Inngest
inshur	Inshur
insight-browser	Insight Browser
insitro	insitro
inspiren	Inspiren
instil	Instil Software Ltd
instructure	Instructure, Inc.
intangible.ai	Intangible
interface	Interface
interface-ai	interface.ai
interfere	Interfere
interplay	Interplay
intology	Intology
intrinsic-safety	Variance
intro	Intro
intus	IntusCare
inversion-cap	Inversion
invert	Invert
investa	Investa
investorsheritage	Investors Heritage
invopop	Invopop
inworld-ai	Inworld
ironcladhq	Ironclad
isometric	Isometric
ivo-inc	Ivo Inc.
iwoca.co.uk	iwoca
iyo	iyo
jack-jill-external-ats	Jack & Jill
jameda	Jameda
jampack-ai	Jampack AI
jamssoftware	JAMS Software
jane	Jane
janitor-ai	janitorAI
january	January
javvy-coffee-company	Javvy Coffee Company
jbs-dev	JBS Dev
jellyfishcareers	Jellyfish
jiga	Jiga
jigsaw	Jigsaw Tech
jimdo.com	Jimdo
jito-labs	Jito Labs
jitter-video	Jitter
jobber	Jobber
jobs	Dusty
jobs-page-4dc2685b-eb82-46d1-a3f9-1f0764dba814	The L Suite
jobs-valence	Valence
join9am	9amHealth
joinbetter	Better Health
joinpogo	Pogo Technologies, Inc.
joinsherpa	sherpa°
joko	Joko
joor	JOOR
jordandigitalmarketing	Jordan Digital Marketing
josys	Josys
joyfulhealth	Joyful Health
jua	Jua
judgmentlabs	Judgment Labs
julius	Julius AI
jump-app	Jump
junior	Junior AI
junipersquare	Juniper Square
jupus	JUPUS
juro	Juro
justplay-gmbh	JustPlay GmbH
k-ID	k-ID
kafene	Kafene
kairon-health	Kairon Health
kairos-project	Kairos
kaizenlabs	Kaizen Labs
kale	Kale
kalibri-labs	Kalibri Labs
kalshi	Kalshi
kamiwaza	Kamiwaza AI
kandou-ai	Kandou AI
kantoko	Kantoko
katana	Katana
katana-network	Katana
katapult-Labs	Katapult Labs
kayak	KAYAK
keeling-labs	Keeling Labs
kepler-ai	Kepler
kernel	Kernel
kestra	Kestra Technologies
kevins-natural-foods	Kevin's Natural Foods
keycard-labs	Keycard Labs
kiefer	Kiefer
kiln.fi	Kiln
kiloforge	Kiloforge
kimarutalent	KIMARU Talent
kin	Kin Insurance
kindred	Kindred
kineticsystems	Kinetic Systems
kins	Kins
kinship	Kinship
kinsteadhealth	Kinstead
kira	Kira
kiso-technology	Kiso Technology
kissmyapps	Kiss My Apps
kit	Kit
kiwi	Kiwi Financial Inc
kiwi-com	Kiwi.com
kled-ai	Kled AI
kleinerperkinsfellows	Kleiner Perkins
klim	Klim GmbH
klue	Klue
knock	Knock
knoetic	CPOHQ + Knoetic AI
knot	Knot
knowledge-road	Knowledge Road
knownwell	knownwell
knowtex	Knowtex
knowunity	Knowunity GmbH
knox-systems	Knox Systems
koahlabs	Koah
kodex	Kodex
kodifly	Kodifly
kog	Kog
kognity	Kognity
koho	KOHO
kong	Kong
kontakt	Kontakt.io
konvu	Konvu
koro	KoRo
kos.ai	kos.ai
kovari	Kovari
kovo	Kovo
kraken-kinetics	Kraken Kinetics
kraken.com	Kraken
krakensandbox	Kraken Sandbox
krakentech	Kraken
krea	Krea
krew	Krew
kunin	Kunin Technologies
kyanhealth	Kyan Health
kyra	Kyra
labhouse	LABHOUSE
ladder	Ladder
lago	Lago
lakera.ai	Lakera
lanai	Lanai
lancedb	LanceDB
langchain	LangChain
langdock	Langdock
lap	LAP Coffee
lapel	Lapel
lapitopa.com	lapitopa
lark	Lark Health
lassie	Lassie
latamcent	LatamCent
latent	Latent
latentlabs	Latent Labs
latitude-global	Latitude
laurel	Laurel
lavendo	Lavendo
lawhive	Lawhive
layerfi	Layer
lazer	Lazer
leadbank	Lead
leanscale	LeanScale
leantechniques	Lean TECHniques
leap	Leap
learn-ashby	Learn Ashby (Google Workspace)
leavitt	Leavitt Group
ledge	Ledge
ledger	Ledger
legend-xyz	Legend Labs, Inc.
legionhealth	Legion Health
legora	Legora
leland	Leland
lemfi	LemFi
lemlist	lemlist
lemon-markets	lemon.markets
lendable	Lendable
leona	Leona Health
leonardo.ai	Leonardo.Ai
letta	Letta
level	Level
levels	Levels Technologies
leveragedmedia	Leveraged Media
lexroom	Lexroom
lgads	LG Ad Solutions
li.fi	LI.FI
libra	Libra AI, Inc
lickability	Lickability
life-space-digital	Life Space Digital
light	Light
light-inc	Light
lightning	Lightning Labs
lightsource	LightSource
lightspark	Lightspark
lightspeedhq	Lightspeed Commerce, Inc.
lilt-corporate	LILT
lilt-production	LILT (Production)
limbic	Limbic
limble	Limble
limelight-steel	Limelight Steel, Inc.
limetax	Limetax
lindus	Lindus
linear	Linear
lingodotdev	Lingo.dev
linqapp	Linq
linro	Linro
lio	Lio
liqid-lam	LIQID Asset Management GmbH
liquid	Liquid
liquid-ai	Liquid AI
listenlabs	Listen Labs
litellm	LiteLLM
literati	Literati
lithosquare	Lithosquare
litmus	Litmus
liveflow	LiveFlow
liveitup	Live it Up
livekit	LiveKit
liveview-technologies	LiveView Technologies
livingHR	livingHR
llamaindex	LlamaIndex
lm-studio	LM Studio
loancrate	Loancrate
locale.com	Locale
logiqal	Logiqal
logos-space	Logos Space
long-lake	Long Lake
loopio	Loopio Inc.
loora	Loora
loot-labs	Loot Labs
lottie	Lottie
lotushealth	Lotus AI
loula	Loula
lovable	Lovable
loveholidays	loveholidays
lovelace	Lovelace AI
lpadesignstudios	LPA, Inc.
ltv	LTV
lucidcomputing	Lucid Computing
lucidlink	LucidLink
lucis	Lucis
lumaai	Luma
lumai	Lumai
lumana	Lumana
lumanu	Lumanu
lumbermanufactory	The Lumber Manufactory
lumen.energy	Lumen Energy
lumilens	Lumilens
lumin-digital	Lumin Digital
luminai	Luminai
luminovo	Luminovo
lumos	Lumos
lunar	Lunar
lunar-solar-group	Lunar Solar Group
luopay	Luo
luxor	Luxor Technology Corporation
lydian	Lydian
lyrebird-health	Lyrebird Health
lyric	Lyric
m13	M13
maca	MACA
mach9	Mach9
macquarie-airfinance-careers	Macquarie AirFinance
macrohealth	MacroHealth
macroscope	Macroscope
macroscopic	Macroscopic
magentic	Magentic
magic.dev	Magic
magiceden	Magic Eden
magicpatterns	Magic Patterns
magicschool	MagicSchool AI
magnitude.ai	Magnitude
mai	MAI
maigrate	Maigrate
maincode	Maincode
mainstay	Mainstay Labs Inc.
maintainx	MaintainX (An Autodesk Company)
makai-labs	Makai Labs
makermaker.ai	MakerMaker
maki	MakiPeople
mandolin	Mandolin
mandrel	Mandrel
maneuver-marketing	Maneuver Marketing
manex	Manex AI GmbH
mangomint	Mangomint
manifest-law	Manifest Law
manifest-os	Manifest OS
manifold-industries	Manifold Industries
maple	Maple
marble	Marble
marble.ai	Marble Technology Inc.
marblehealth	Marble Health
marianaminerals	Mariana Minerals
mariner-careers	Mariner
markarch	Marketing Architects
marloo	Marloo
marqeta-inc	Marqeta
marshmallow	marshmallow
masabi	Masabi
matchii	Matchii
matchnode	Matchnode
materialsecurity	Material Security
matia	Matia
matter-intelligence	Matter Intelligence
matter-labs	Matter Labs
matterworks	Matterworks, Inc.
maven	Maven
maven-agi	Maven AGI
maxima-consulting	Maxima Consulting
maximor	Maximor AI
maximustribe	Maximus Health, Inc.
maxinsights	Maxinsights
maxrewards	MaxRewards
maybern	Maybern
mazedesign	Maze
mazehq	Maze
mdcalc	MDCalc
meadowmemorials	Meadow
mebe	MeBe
mechanize	Mechanize, Inc.
mecka.ai	Mecka
medely	Medely
media-mogul	Mogul & Co.
medialicious	Medialicious
mediatech	Mediatech
mednet	Mednet, Inc.
medraai	Medra
medscout	MedScout
medsender	Medsender
meetmarvin	Marvin Behavioral Health
megazone	Megazone Cloud US
melius	Melius
melotech	Melotech
mem.ai	Mem
mem0	Mem0
memfault	Memfault
memora	Memora Health
mend-io	Mend.io
menlo	Menlo
menlosecurity	Menlo Security
mentava	Mentava
mento	Mento
meow	Meow
mercator	Mercator
merciv	Merciv
mercor	Mercor
mercura	Mercura
meridianlink	MeridianLink
meridio	Meridio
meshy	Meshy LLC
messa	Messa, Inc.
metadao	MetaDAO
metaforms	Metaforms
metal	Metal
metal.so	Metal
metalenz	Metalenz
metamap	MetaMap
metamorphic	Metamorphic
metaview	Metaview
meter	Meter
method	Method Financial
method-crm	Method Integration Inc.
method.security	Method Security
meticulous	Meticulous
metriport	Metriport
mexdigital	Multibank Group
mgtinsurance	MGT Insurance
mia-labs	Mia Labs, Inc.
miaplaza	Miaplaza
middesk	Middesk
midjourney	Midjourney
midnite	Midnite
midpage	Midpage
midstream	Midstream Health
mightyacorndigital	Mighty Acorn Digital
mikmak	MikMak
mimica	Mimica
mindbeam	Mindbeam
mindly	Mindly
mindpeak	Mindpeak
mindrobotics	Mind Robotics
mindvalley	Mindvalley
mintmcp	MintMCP
miovision	Miovision
mirage	Mirage
miramace	Mira Mace
mirelo	Mirelo AI
mirendil	Mirendil
miri	Machine Intelligence Research Institute
misen	Misen
mistral.ai	Mistral
miter	Miter
mithrl	Mithrl
moab	Moab
mobbin.com	Mobbin
mobilefirst	The Mobile-First Company
modal	Modal
modelyst	Modelyst
modernfi	ModernFi
moderntreasury	Modern Treasury
modus	Modus
moego	MoeGo
molecule	molecule.xyz
molecule-software	Molecule Software
mollie	Mollie
moment	Moment
momentic	Momentic
monaco	Monaco
monad.foundation	Monad Foundation
monarchcrops	Monarch
monarchmoney	Monarch Money
mondoo	Mondoo
monei	MONEI
monk	Monk
monogram	Monogram
montauk-capital	Montauk Capital
montecarlodata	Monte Carlo
monterra	Monterra
montu-uk	Montu UK
monumental	Monumental
moonactive	Moon Active
moonshot	Moonshot
moovx	Moovx
moraleshr	MoralesHR
morningconsult	Morning Consult
morpho	Morpho
morse-micro	Morse Micro
mosaic	Mosaic
moss	Moss
motorway	Motorway
mount-thor	Mount Thor
moxfive	MOXFIVE
mubit	Mubit
mudflap	Mudflap
multiply	Multiply
multiplymii	MultiplyMii
multiverse	Multiverse
munich-electrification	Munich Electrification
mural	Mural
mux	Mux
myTomorrows	myTomorrows
myedspacecareers	MyEdSpace
myparadigm	Paradigm
myriad-ai	Myriad AI
mystenlabs	Mysten Labs
n1	N1
n8n	n8n
nabihealth	Nabi
nabla	Nabla
nabucasa	Nabu Casa
nace.ai	Nace AI
namespace	Namespace
nano-qt	Nanofiber Quantum Technologies, Inc.
nascent	Nascent
nava-benefits	Nava Benefits
navattic	Navattic
navi	Navi AI
ncontracts	Ncontracts
ndeavour	NDEAVOUR CONSULTING
neara	Neara
nebulock	Nebulock
nectar-social	Nectar Social
negotiate-ai	Aron
neighborly-software	Neighborly Software
neko-health	Neko Health
nell	Nell
nelly	Nelly Solutions
nelo	Nelo
nen-creative	Nen Creative
neo-tax	Neo.Tax
neocognition	NeoCognition
neofinancial	Neo Financial
neon-health	Neon Health
neonredwood	Neon Redwood
neotaste	NeoTaste
nerdwallet	NerdWallet
nessolabs	Nesso Labs
nest-health	Nest Health
nestmed	Nestmed
nestveterinary	Nest Veterinary
netbird	NetBird
netboxlabs	NetBox Labs
netgear	NETGEAR
nethermind	Nethermind
netic	Netic
netpreme	Netpreme
netwealth	Netwealth
networkright	Network Right
neudata	Neudata
neura-robotics-gmbh	Neura Robotics
neural-earth	Neural Earth
neuralconcept	Neural Concept
neurons-lab.com	Neurons Lab
neurophos	Neurophos
neuroscale	Neuroscale AI
nevis	Nevis Wealth
nevoya	Nevoya
newform	Newform
newlantern	New Lantern
newtonx	NewtonX
newxel	Newxel
nexos-ai	nexos.ai
nextdata	Nextdata
nextlinklabs	NextLink Labs
nexus-cognitive	Nexus One
nexus-marketing	Nexus Marketing
nexus.xyz	Nexus
nexxa	Nexxa.AI
nexxen	Nexxen
niantic-spatial	Niantic Spatial
nidus-technologies	Nidus Technologies
nightfall-ai	Nightfall AI
nimbl	Nimbl
ninjatech.ai	NinjaTech AI
niramedical	Nira Medical
nirvana	Nirvana Insurance
niva	Niva
noda-ai	NODA AI
nodle	Nodle
noetica	Noetica
noialabs	Noïa Labs
noise-labs	Noise Labs
nollahealth	Nolla Health
nomad	Nomad Labs Inc
nomic	nomic
nomic.ai	Nomic
nomic.foundation	Nomic Foundation
nomos	Nomos
nooks	Nooks
nord-security	Nord Security
norm-ai	Norm Ai
northflank.com	Northflank
northslope-technologies	Northslope
northvectordynamics	North Vector Dynamics Inc.
northwoodspace	Northwood Space
nory	Nory
nory-co	NORY
nosisbio	Nosis Bio
notabene	Notabene
notable	Notable
notion	Notion
noto	Noto
nova-talent	Nova Talent
novaintelligence	Nova Intelligence
novaprime	Novaprime
novel	Novel
novellia	Novellia
novig	Novig
novita-ai	Novita AI
novo	Novo
nox-metals	NOX METALS
noyo	Noyo
ntegrity	ntegrity
ntt-data-aivista	NTT DATA AIVista
nubank	Nubank
nucleus	Nucleus Genomics
nudge	Nudge
numeral	Numeral
numeric	Numeric
numerixs-quant	NumerixS Quant
numosai	Numos AI, inc.
nuna	Nuna
nursa	Nursa
nusano	Nusano
nylas	Nylas
oak	Oak
oakland-feather-river-camp	Oakland Feather River Camp
oakslab	OAK'S LAB
oberst	Oberst
observable-space	Observable Space
obsidiansystems	Obsidian Systems
obviant	Obviant
obvio	Obvio
obvious	Obvious
oceanus	Oceanus Marine Technologies
oden-technologies	Oden Technologies
odin	Odin
odys-aviation	Odys
odyssey	Odyssey
odysseyml	Odyssey
offdeal	OffDeal
office-hours	Office Hours
offstream	Offstream
oh	Oh
ohr	Ohr
oktoberagency	OKTOBER
old-mission-capital	Old Mission
old-well-labs	Old Well Labs
oligo	Oligo Space
olix	OLIX
ollama	Ollama
omadaai	Omada.ai
omafertility	Oma Fertility
omarobotics	Oma Robotics
omaze	Omaze
omegga	Omegga
omi	Omi
omnea	Omnea
omni	Omni
omnifold	Omnifold
omnilex	Omnilex
omniscient	Omniscient
one-pass-solutions	One Pass Solutions
oneapp	OnePay
onebrief	Onebrief
onecrew	OneCrew
onehealth	OneHealth Tech Corp
oneleet	Oneleet
onereach.ai	OneReach.ai
oneschema	OneSchema
onestock	OneStock
onhires	OnHires
onme	On Me Gifting
onoshealth	Onos Health
onramp	OnRamp
ontologize	Ontologize
onton	Onton
onyx	Onyx
onyx-bio	Onyx Bio
openai	OpenAI
openai-deployment-company	OpenAI Deployment Company
openart	OpenArt AI
openclaw-foundation-inc	OpenClaw Foundation
opencoreos	OpenCoreOS
opened	OpenEd
openevidence	OpenEvidence
opengov	OpenGov
opengovsg	Open Government Products
openhomefoundation	Open Home Foundation
openloophealth	OpenLoop Health
openly	Openly
openmind	OpenMind
openobserve-careers	OpenObserve Inc.
openrouter	OpenRouter
opfoundation	Optimism Foundation
opsmill	OpsMill
optery	Optery, Inc.
optimum	Optimum
optro	Optro
opus-training	Opus Training Inc.
opusclip	OpusClip
oratomic	Oratomic, Inc.
orb	Orb
orbem	Orbem
orbit	Orbit Neuro Co.
orbital	Orbital
orbitalindustries	Orbital Industries
orca	Orca
orchard	Orchard Robotics
orchestra-bio	Orchestra Bio
orderful	Orderful
orita	Orita
orum	Orum
oscilar	Oscilar
osmo	Osmo
ostium	Ostium Labs
oumi	Oumi
outcapped	Outcapped
outersignal	OuterSignal
outmarket	Outmarket AI
outpostnow	Outpost Technologies
output	Output Biosciences
outputinc	Output Inc
outro-health	Outro Health USA Inc.
outset	Outset
outtake	Outtake
overflow	Overflow
overtone	Overtone
overview	Overview Corporation
overviewenergy	Overview Energy
owkin	Owkin
owner	Owner.com
oxman	OXMAN
oyster	Oyster
p2p.org	P2P. org
packz	Packz
pactfi	PactFi
paddle	Paddle
paireyewear	Pair Eyewear, Inc.
palette-media	Palette Media
palettelabs	Palette Labs
palladio	Palladio AI
pallon.com	Pallon
palmstreet	Palmstreet
palo-it	PALO IT
palup	Palup.ai
pandektes	Pandektes
pangramlabs	Pangram Labs
pano-ai	Pano AI
panther-life-sciences	Panther Life Sciences
pantograph	Pantograph
parable	Parable
parabola-io	Parabola
paradigmai	Paradigm
paradox	Paradox
parafin	Parafin
paraform	Paraform
parallel	Parallel Web Systems
parallel-bio	Parallel Bio
parallel-fluidics	Parallel Fluidics, Inc.
parambil	Parambil
parasail	Parasail
pareto-ai	Pareto
parity	Parity
pariveda	Pariveda
parker	Parker Group Inc
parspec	Parspec
partiful	Partiful
partisiablockchain	Partisia Blockchain Applications
partly.com	Partly
partsbase	PartsBase Inc.
partyhat	Partyhat
passage	Passage
passes	Passes
passionfroot	Passionfroot
passport	Passport
patch.io	Patch
pathos	The Path
pathwork	Pathwork
patlytics	Patlytics, Inc.
patreon	Patreon
patrianna	Patrianna
pave-power	Pave Power
pawp	Pawp
pax-historia	Pax Historia
payabli	Payabli
payflip	Payflip
paymentology	Paymentology
payrails	Payrails GmbH
payzen-inc	PayZen
pearl	Pearl
pearlhealth	Pearl Health
pearlyplan	Pearly
pearpop	Pearpop
pebl	Pebl
peec	Peec AI
peek	Peek
pencil	Pencil
pennylane	Pennylane SAS
pensive	Pensive
people-culture-talent	People Culture Talent
people-data-labs	People Data Labs
percepta	Percepta
percona	Percona
perfect-venue	Perfect Venue
pergolux	Pergolux
periodic-labs	Periodic Labs
permitflow	PermitFlow
permutive	Permutive
perryweather	Perry Weather
persona	Persona
persona.ai	Persona AI Inc
petra-labs	Petra Labs
phantom	Phantom
phasebiolabs	Phase Biolabs
phia	Phia
phlair	Phlair
phoebe-work	Phoebe
phoenix	Phoenix
phonely	Phonely
phonic	Phonic
photoroom	Photoroom
phrase	Phrase
phylax	Phylax Systems
phylo	Phylo, Inc.
physicalintelligence	Physical Intelligence
pi-security	Pi Security
picknik	PickNik Inc.
picogrid	Picogrid
pika	Pika
pilgrim	Pilgrim
pillarspace	Pillar Space
pilot-fiber	Pilot Fiber
pinecone	Pinecone
pingo	Pingo
pirros	Pirros
pivotal-health	Pivotal Health
pivotrobotics	Pivot Robotics
pixelmatters	Pixelmatters
plaid	Plaid
plain	Plain
plancraft	plancraft
plane	Plane Software, Inc.
planehr	Plane
planera	Planera
planteria	Planteria Group
plasma	Plasma
plasmidsaurus	Plasmidsaurus
platformed	Platformed
playerzero	PlayerZero, Inc.
playpowerlabs	Playpower Labs
playson	Playson
pleo	Pleo
pliant	Pliant
plinth	Plinth
plot	Plot Technologies, Inc.
plot-pointe	Plot Pointe
plotly	Plotly
ployai	Ploy
plumerai	Plumerai
pluralfinance	Plural
pluralis-research	Pluralis Research
pmmalliance	Product Marketing Alliance
pocketprep	Pocket Prep
pod-network	pod.network
podium-automation	Podium Automation
poesis	Poesis
point-one-navigation	Point One Navigation Inc
pointr	Pointr
polar	Polar
polaranalytics	Polar Analytics
polarisgrowth	Polaris Growth
polarsteps	Polarsteps
polene-paris	Polène Paris
politanalytics	PolitAnalytics
polly	Polly
polymarket	Polymarket
polymath	Polymath
polymr	polymr
poolside	Poolside
popl	Popl Co
poseidonaero	Poseidon Aerospace
posh	Posh
posh-ai	Posh
poshmark	Poshmark
positive-development	Positive Development
powerline	Powerline
powerus	PowerUs
pplwise	pplwise
praecipio	Praecipio Consulting
pragmatico	Pragmatico
pragmatike	Pragmatike
prairielearn	PrairieLearn, Inc.
pravah	Pravāh
praxipal	praxipal
prefect	Prefect
prelim	Prelim
prelude	Prelude
preply	Preply
preql	Preql AI
pressw	PressW
prevail-fund	Prevail Fund
primary	Primary
primer	Primer
primer.io	Primer.io
prior-labs	Prior Labs
probablygenetic	Probably Genetic
probook	Probook
procurementsciences	Procurement Sciences
procurify	Procurify
prodigy-education	Prodigy Education
product-now	ProductNow
productgenius	Product Genius
producthunt	Product Hunt
productwind	ProductWind
progress-partners	Progress Partners
project-expedition	Project Expedition
projecteleven	Project Eleven
projectsbyif	Projects by IF
prokeep	Prokeep
promise-studios	Promise Studios
propel	Propel
propelus	Propelus
prophecygov	Prophecy Gov
prophet-security	Prophet Security
prophetic-technologies	Prophetic Technologies Inc
prorata	ProRata.ai
prose	Prose
prosper-ai	Prosper AI
protege	Protege
protegrity	Protegrity
proterahealth	Protera Health
proto-town	Proto-Town
protocol-cares	Protocol Behavioral Health
provable	Provable
proxima	Proxima
proxima-fusion	Proxima Fusion
pryzm	Pryzm
psi	Physical Superintelligence
publiccloudgroup	Public Cloud Group
publicit	Publicit Global
pulse	Pulse
pure	Pure
pursuit	Pursuit
puzzle-consulting-services	Puzzle Consulting Services
puzzle.io	Puzzle.io
pylon	Pylon
pylon-labs	Pylon
pythnetwork	Pyth Data Association
pytho-ai	Pytho AI
qdrant.tech	Qdrant
qed-ai	QED.ai
qontext	Qontext
qorelo	Qorelo
quadrillion-labs	Quadrillion
quadrivia	Quadrivia
qualified	Qualified
qualified-health-pbc	Qualified Health PBC
qualitate	Qualitate
qualytics	Qualytics
quant-aq	QuantAQ
quanta	Quanta
quantcast	Quantcast
quantexa	Quantexa
quantstamp	Quantstamp
quantum	Quantum
quantumleap.education	Quantum Leap
quantware	QuantWare
quarks-tech	Quarks
quartermaster	Quartermaster
quicknode	Quicknode
quilter	Quilter
quindar	Quindar
quizlet-inc	Quizlet
qumulo	Qumulo
quora	Quora
quorum	Quorum
quotewell	QuoteWell
qwilr	Qwilr
r37	R37 Lab, R1 RCM
rabot	Rabot
radai	Rad AI
radar	Radar
radiant	Radiant
radiant-industries	Radiant Industries
radiantgraph	RadiantGraph, Inc
radical-numerics	Radical Numerics
raft	Raft
raiku	Raiku
rain	Rain
rain-technologies	Rain Technologies Inc.
rainfallhealth	Rainfall Health
rainforest-pay	Rainforest
rallyuxr	Rally
ramielcapital	Ramiel Capital
ramp	Ramp
range	Range
rapdev	RapDev
raptive	Raptive
rarecandy	Rare Candy
raspberry	Raspberry AI
ravenna	Ravenna
ravio	Ravio
raycast	Raycast
raylu-ai	Raylu AI
re-cap	re:cap
reach	Reach Security
reacher	Reacher
reactivemarkets	Reactive Markets
read-ai	Read AI, Inc.
readme	ReadMe
ready	Ready
realitydefender	Reality Defender
realmalliance	Realm
rebar	Rebar
rebel-space-technologies	Rebel Space Technologies
rebuy	Rebuy, Inc.
rec	Rec Technologies
recharge	Recharge
recraft	Recraft
red-gate	Redgate
red-oak	Red Oak
reddit	Reddit
redlygames	Redly Games
redmetals	Red Metals
redpine	Redpine
reducto	Reducto
reedsy	Reedsy
reevo	Reevo
reflect-orbital	Reflect Orbital
reflectionai	Reflection
reflow	Reflow
reframesystems	Reframe Systems
regard	Regard
rehire	Rehire
reindeer-ai	Reindeer
reinforce-labs-inc	Reinforce Labs, Inc.
relace	Relace
relationrx	relationrx
relay	Relay Technologies
relayfi	Relay
relayprotocol	Relay
relevanceai	Relevance AI
releventfp	Relevent Football Partners
reliable-robotics	Reliable Robotics Corporation
remarcable-inc	Remarcable, Inc.
remberg	remberg
remedyrobotics	Remedy Robotics
remilia	Remilia Corporation
remo	Remo Health
render	Render
renderfoundation	The Render Foundation
rennscotmfg	Rennscot MFG
rentman	Rentman
renuity	Renuity
reo-dev	Reo.Dev
reonic	Reonic
replimune	Replimune
replit	Replit
replo	Replo
reprally	RepRally
reprise	Reprise
rerun	Rerun
rescale	Rescale
resend	Resend
reserve	Reserve
resolution	Resolution
reson8	Reson8
resorcer.com	Resorcer
resq	ResQ
restate	Restate
restream	Restream
reteam	Reteam
retell-ai	Retell AI
rev	Rev
revel	Revel
revelrobotics	Revel Robotics
revelxdstudio	Revel, Inc.
revenuebase-inc	RevenueBase Inc
revenuecat	RevenueCat
revic	Revic
revin	Revin
reviserobotics	Revise Robotics
revive	Revive
revv-hq	Revv
rewind	Rewind
rewst	Rewst
rho	Rho
rhoda-ai	Rhoda AI
ribbon-ai	Ribbon AI
rightfoot	Rightfoot
rilla	Rilla
rillet	Rillet
rime	Rime Labs
risklabs	Risk Labs
river	River
riveron	Riveron
rivet	Rivet Industries
rivianvw.tech	Rivian and Volkswagen Group Technologies
rivora	Rivora
rize	Rize Education
rnrs.solutions	RNRS Solutions
roadsurfer.com	Roadsurfer
robco	RobCo
robin-radar	Robin Radar
roboflow	Roboflow
rocketsciencegg	Rocket Science Group
roebling	Roebling
rogerhealthcare	Roger Healthcare
rohlik	Rohlik
rojointegrations	Rojo Integrations
rollout	Rollout
rollstack	Rollstack
roompricegenie	RoomPriceGenie
root-access	Root Access
rootglobal	Root Global
ropes	Ropes
rossum.ai	Rossum
routefusion	Routefusion
routereports	Route Reports
rowan	Rowan Digital Infrastructure
rubiconmd	RubiconMD
rubie	Rubie
ruby-labs	Ruby Labs
rula	Rula
runa	Runa
rundoo	Rundoo
runetech	Rune Technologies
runlayer	Runlayer
runpod	Runpod
runsybil-jobs	RunSybil
runway-ml	Runway
rutter	Rutter
rwazi	Rwazi, Inc.
rxvantage	RxVantage
ryvn	Ryvn
s2	Sigma Squared
sabi	Sabi
sable	Sable
safe	Safe Software
safelease	SafeLease
safety	Safety Cybersecurity
safetykit	SafetyKit
safi	Safi
sagecare	Sage Care Inc
sagelabs.ai	Sage AI Labs
sagetap	Sagetap
sail	Sail Research
sailorhealth	Sailor Health
sailpeak	Sailpeak
sainapse	Sainapse
salesape-ai	SalesAPE.ai
salesjack	SalesJack
salient	Salient
salma-health	Salma Health
salmon-group	Salmon Group
salonkee	Salonkee
saltz	Saltz Marketplace
sampura	Sampura Research
sana-roles	Sana
sanctuary	Sanctuary
sandbar	Sandbar
sandboxaq	SandboxAQ
sanity	Sanity
santermedia	SanterMedia
sapien	Sapien
sapiom	Sapiom
sardine	Sardine
saris-ai	Saris
sarjai	Sarj.ai
saronic	Saronic Technologies
sarvam	Sarvam
satispay	Satispay
satoshilabs	SatoshiLabs
sauna.ai	Sauna
savvy	Savvy Wealth
savvymoney	SavvyMoney
sazabi	Sazabi
sbs-comms	SBS Comms
scalar	Scalar
scale-to-win-inc	Scale to Win, Inc
scaled-cognition	Scaled Cognition
scalemath	ScaleMath
scaler	Scaler
scalera	Scalera
scan-com	Scan.com
scarlet	Scarlet
schoolhouse-world	Schoolhouse
sciemo	Sciemo
sciencelogic	ScienceLogic
scientech-research	Scientech Research LLC
scoreplay	ScorePlay
scorewarrior	Scorewarrior
screenverse	Screenverse
scribe	Scribe
scrollmark	Scrollmark
scrunch	Scrunch
sdsc	Surgical Data Science Collective
se3	SE3 Labs
sea12	Sea12 Technologies
sealed	Sealed
seamflow	Seamflow
searchable	Searchable
seccl	Seccl
secfix	Secfix
second-nature	Second Nature
secondnaturecomputing	Second Nature Computing
securebio	SecureBio
security-level-5	Security Level 5
seekeasy	Seekeasy
sei-labs	Sei Labs
seifoundation	Sei Development Foundation
seismic-change.com	Seismic
sekai	Sekai
sellerx	SellerX
sellfire	Sellfire
sema4.ai	Sema4.ai
semgrep	Semgrep
semperis	Semperis
seneca	Seneca
sensmore	Sensmore
sensor-tower	Sensor Tower
sensorfact	Sensorfact
sent	Sent, Inc.
sentient	Sentient
sentient-foundation	Sentient Foundation
sentilink	SentiLink
sentra	Sentra
sentry	Sentry
seon	Seon
seqera.io	Seqera
seqholdings	Sequence Holdings
sequen-ai	Sequen AI
sequence	Sequence
sequoia	Sequoia
sereact	Sereact
serverobotics	Serve Robotics
sesame	Sesame
sevaro	Sevaro
sevenai	Seven AI
sewer-ai	SewerAI Corporation
seyna	Seyna
sf-tensor	San Francisco Tensor Company
sfcompute	The San Francisco Compute Company
sfg20	SFG20
sgnlai	SGNL.ai
shade-inc	Shade.inc
shadeform	Shadeform
shapes	Shapes
shapr3d	Shapr3D
share	Share
sharedcontextlab	Shared Context Lab
sheerhealth	Sheer Health
shepherd	Shepherd
shift	Shift
shiftsmart	Shiftsmart
shook	Shook
shuttlebase	Shuttlebase
shuttlelabs	Shuttle Labs
sibill	Sibill Srl
siena	Siena AI
sierra-studio	Sierra Studio
sieve	Sieve
sifflet	SIFFLET
sift	Sift
siftstack	Sift Stack, Inc.
siftwell-analytics	Siftwell Analytics
signal-ai	Signal AI
signalwire	SignalWire, Inc
sigp	Sigma Prime
silktide	Silktide
silnahealth.com	Silna Health
sim	Sim
simile	Simile
simondata	Simon AI
simple-ai	Simple AI
simpleclosure	SimpleClosure
simplestudy	SimpleStudy
simply-wall-st	Simply Wall St
simspace-corporation	SimSpace Corporation
simular	Simular
singu	SINGU
singular	Singular
singulate	Singulate
sintra	Sintra
sio-logistics	SIO Logistics
sisense	Sisense
sisu	Sisu
skimmer	Skimmer
skip-loans	Skip Loans
skr-reisen	SKR Reisen GmbH
skydio	Skydio
skyecosystem	Sky Frontier Foundation
skylo	Skylo Technologies
skymavis	Sky Mavis
skynrg	SkyNRG
skywatch	SkyWatch
slab	Slab
slant	Slant
slash-financial	Slash Financial
slate	Slate
sleeper	Sleeper
slingshot-aerospace	Slingshot Aerospace
slope	Slope
small-door-veterinary	Small Door Veterinary
smallest	Smallest
smallpdf	Smallpdf
smalls	Smalls
smallstep	Smallstep
smarkets	Smarkets
smartleaf	Smartleaf
snackpass	Snackpass
snapdocs	Snapdocs
snd	Social News Desk
snowball	Snowball
snowflake	Snowflake
sobek-ai	Sobek AI
socket	Socket
socure	Socure
sofarocean	Sofar Ocean
sola	Sola
sola-insurance	Sola Insurance
solanalabs	Solana Labs
solcoa	Solcoa Industries
solidgate	Solidgate
solidroad	Solidroad
solink	Solink
solstice	Solstice
solva	Solva Technology
solve.ai	SolveAI
solveintelligence	Solve Intelligence
soma-energy	Soma Energy
somethings	Somethings
somnia	Somnia
sonar-us	Sonar
sorcerer	Sorcerer
sosafe	SoSafe
soshallwe	So Shall We
soterinsure	Soter
sound-ventures	Sound Ventures
sound.xyz	Sound.xyz
sourgum	Sourgum
southgeeks	South Geeks
sovereign-engineering	Obscura VPN
sovra	SOVRA
space44	SPACE44
spacecurve	Spacecurve
spacial	Spacial AI
spade	Spade
spaice-tech	SPAICE
spaitial	SpAItial
span	SPAN
spara	Spara
spare	Spare
sparrow	Sparrow
sparta-commodities	Sparta
speak	Speak
spear-ai	Spear AI
spearbio	Spear Bio
specter	Specter
spector-ai	Spector.ai
spekit	Spekit
spellbook.com	Spellbook
spellbrush	Spellbrush
spexi	Spexi
sphere	Sphere, Inc.
spherecast	Spherecast
spherical	Spherical
spikelabs	Spike Labs
spiral	Spiral
spiritus	Spiritus
splitmetrics	SplitMetrics
spotdraft	SpotDraft
spotminders	Spotminders
spoton	SpotOn
sprig	Sprig
sprinter-health	Sprinter Health
sprout-ai	Sprout.ai
spruceid	Spruce Systems, Inc.
squad	Squad | Bowery
squadai	Squad
squads	Squads
squint.ai	Squint
ssi	SSI
st-labs	Standard Template Labs
stable	Stable
stack-ai	StackAI
stack-infrastructure-apac-pte-ltd	STACK Infrastructure APAC
stacker	Stacker
stackone	StackOne
stacks	Stacks
stainlessapi	Stainless
standardfleet	Standard Fleet
standardsubsea	Standard Subsea
starbridge	Starbridge
stargate-foundation	Stargate Foundation
starknetfoundation	Starknet Foundation
starpath.space	Starpath Robotics
startplaying	StartPlaying
stash	Stash
statisfy	Statisfy
statista	Statista
stayai	Stay AI
stealth	Stealth Startup
stealth-healthtech-startup	Stealth HealthTech Startup
stealthventurecapitalfirm	Stealth Venture Capital Firm
stedi	Stedi
steel	Steel
stellar	Stellar Development Foundation
stellar-health	Stellar Health
stellarentertainment	Stellar Entertainment Software Ltd
stellic	Stellic
stensul	Stensul
steuerbot	Steuerbot
stickermule	Sticker Mule
stigg	Stigg
stillbright	Still Bright
stndrd	STNDRD
stork	Stork Labs
stotles.com	Stotles
stradahq	Strada
strala-ai	Strala
strange-loop-labs	Strange Loop Labs
strategic-growth-partners	Strategic Growth Partners
stratum-ai	Stratum AI
stream	Stream
streetgroup	Street Group
strella	Strella
strider-technologies	Strider Technologies
strix	Strix
strongdm	StrongDM
stronghold	Stronghold
stuut-ai	Stuut
stytch	Stytch
sublime-security	Sublime Security
subsets	Subsets
substack	Substack
substrate	Substrate
subtotal	Subtotal
subzero	Subzero Labs
succinct	Succinct
summation	Summation
summer-robotics	Summer Robotics
summerhealth	Summer Health
sunday	Sunday Robotics
sunday-natural	Sunday Natural
sunflower-sober	Sunflower Sober
suno	Suno
sunrise	Sunrise Robotics Corporation
sunset	Sunset
sunset-studios	Sunset Studios
supabase	Supabase
super.com	Super.com
superconductor	Superconductor
superdial	SuperDial
superplane	SuperPlane
superpower	Superpower
surge-ai	Surge AI
surgimate	Surgimate
susteon	Susteon Inc.
svix	Svix
swamp-club	Swamp Club
swans	Swans
swap	Swap
swarmaero	Swarm Aero
swarmer	Swarmer
swarmia	Swarmia
sweatpals	Sweatpals
sweedpos.com	Sweed
sweep	Sweep
swishbreaks	Swishbreaks
switchboard	Switchboard
sxaler	Sxaler
sybill-ai	Sybill AI
sydecar	Sydecar
sygaldry-technologies	Sygaldry Technologies
sylvera	Sylvera
symbiotic	Symbiotic
symbolica-ai	Symbolica AI
synctera	Synctera
synhawk	Synhawk
synquery	Synquery
synthesia	Synthesia
synthetic	Synthetic
syzygy	Syzygy Research
t1energy	T1 Energy
taaraconnect	Taara
tabz	Tabz
tacit	Tacit
tactiq	Tactiq
tacto	Tacto
taekus	Taekus
tailor	Tailor
tailwind	Tailwind
tajir	Tajir
take2	Take2
tako	Tako
taktile	Taktile
talentful	Talentful
talentsafari	Talent Safari
talkiatry	Talkiatry
tamr	Tamr
tandem-health	Tandem Health
tandempv	Tandem PV
tango	Tango
tapblaze	TapBlaze
tapcart	Tapcart Inc.
tapcheck	Tapcheck
tarro	Tarro
tasman	Tasman Analytics
tavahealth	Tava Health
tavily	Tavily
tavrn	Tavrn.ai
tavus	Tavus
taxfix.com	Taxfix
taxforce	Taxforce
taxo	Taxo
tbc	The Biological Computing Co.
tdv	The Deep View
teachfx	TeachFX
teal-health	Teal Health
tealhq	Teal HQ
teambridge	Teambridge
teamdynamix	TeamDynamix
teameigen	Eigen
teamworks	Teamworks
tebi	Tebi
techne-elysia	Elysia
techtorch	Techtorch
techyrecruiter	Techy Recruiter
teero	Teero
teiko	Teiko
teleskope	Teleskope
telli	telli
tellos	Tellos, Inc.
telus-digital	TELUS Digital
tem	tem
tempo-io	Tempo
tempo-xyz	Tempo
temporal	Temporal Technologies
tenex	TENEX.AI
tenexlabs	Tenex
tenjin	Tenjin
tennr	Tennr
tenor	Tenor
tensec	Tensec
terac	Terac
teraswitch	Teraswitch
terminal	Terminal
terminal-industries	Terminal Industries
tern	Tern Travel
ternary	Ternary
terra	TERRA
terraai	Terra AI
tessera-labs	Tessera Labs
tesslcareers	Tessl
testgorilla	TestGorilla
teton	Teton.ai
tetrix	Tetrix
tetsuwan	Tetsuwan Scientific
textla	Textla
textlayer	TextLayer
texture	Texture
teya	Teya
teza-technologies	Teza Technologies
tgc	The Generalist Company Ltd
thaleron	Thaleron
thatgamecompany	thatgamecompany
the-exploration-company	The Exploration Company
the-global-talent-co	The Global Talent Co.
the-studio	The Utopia Venture Platform
the-token-company	The Token Company
theacademysf	Horowitz Andreessen Academy
thebotcompany	The Bot Company
theflex	The Flex
theprimary	Primary
thera	Thera
thesirius	Sirius
thesis	Thesis Inc.
thinkific	Thinkific
third-space-therapy	Third Space
thirdlaw	ThirdLaw, Inc.
thndr	Thndr
thought-machine	Thought Machine
thread-ai	Thread AI
threataware	ThreatAware
threev.ai	ThreeV Technologies, Inc.
thrill-labs	Thrill Labs
thrivo-wealth	Thrivo Wealth Partners
thumbtack	Thumbtack
thundercompute	Thunder Compute
thyme-care	Thyme Care
tight	Tight
tightrope	Tightrope
tilderesearch	Tilde Research
tilla	Tilla
tillo	Tillo
tilt	Tilt
tilthq	Tilt Finance
timely	Timely
tin-can	Tin Can
tinkermode	MODE, Inc.
tiny-health	Tiny Health
titan	Titan
titan-ai	Titan AI
titan-msp	Titan
tivita	Tivita
tldr.tech	TLDR
tldraw	tldraw
togal-ai	Togal AI
toggl	TOGGL
tolan	Tolan
tolmo	Tolmo
toma	Toma
tomo	Tomo Mortgage
tomo.ai	Tomo
toms	TOMS
tonal	Tonal
toogeza	Toogeza
toogoodtogo	Too Good To Go
top-hat	Top Hat
topline-pro	Topline Pro
topologic	Topologic
toposbio	Topos Bio
tortus	TORTUS
tourlane	Tourlane
town	Town.com, Inc.
traba	Traba
tracebit	Tracebit
tracelabs	Trace
tractable	Tractable
tradeify	Tradeify
trading212	Trading212
tradinghub	TradingHub
trainline	Trainline
trajectory	Trajectory
transgrid-energy	TransGrid Energy
traversal	Traversal
trawa	trawa
tray-ai	Tray.ai
traysar	Traysar
tread	Tread
treefera	Treefera
treeswift	Treeswift Inc
trener-robotics	Trener
tribalhealthconnections	Tribal Health Connections
tribe-ai	Tribe AI
tribe-xyz	Tribe.xyz
triedge-investments	TriEdge Investments
trig	Trig
triggerdev	Trigger.dev
triiodide	Triiodide
trilitech	Trilitech
triomics	Triomics
triumph-arcade	Triumph
trm-labs	TRM Labs
trovehq	Trove
troveo	Troveo AI
trovy	Trovy
trucksmarter	TruckSmarter
true-classic-tees	True Classic
truelinkfinancial	True Link Financial
truelogic	Truelogic
truemed	Truemed
trulioo	Trulioo
trust-wallet	Trust Wallet
trustlab	TrustLab
trustly	Trustly
tryalma	Alma
trychroma	Chroma
tryroam	Roam
trysend	SEND
tunnl	Tunnl
turbolaw	TurboLaw
turbopuffer	turbopuffer
turion-space	Turion Space
turn-river	Turn/River
turnstile	Turnstile
turquoise-health	Turquoise
twelve	Twelve
twelve-labs	TwelveLabs
twenty	Twenty
twin-so	Twin Labs
twinprime	Twin Prime
tyba	Tyba
tycho-ai	Tycho.AI
typesafe-ai	TypeSafe AI
tzafon	Tzafon
udisc	UDisc
uforce	UFORCE
uipath	UiPath
ultra	Ultra Pouches
ultralytics	Ultralytics
umbrel	Umbrel
unblock-computing	Unblock Computing
uncountable	Uncountable Inc.
unicornpro	Unicorn Pro
unicourt	UniCourt Inc
unify	Unify
union-tech	Union Technologies
uniswap	Uniswap Labs
unit	Unit
united-talent-agency	United Talent Agency
uniti	Uniti AI
unitxlabs	UnitX
unity-advisory	Unity Advisory
universalagi	UniversalAGI
unlikelyai	UnlikelyAI
unlimitedindustries	Unlimited
unmind	Unmind
unstructured	Unstructured Technologies Inc.
unto-labs	Unto Labs
upchurch	Upchurch
updoc	UpDoc
upflow	Upflow
upguard	UpGuard Inc.
uplane	Uplane
upside	Upside
upside-tech	Upside
upvest	Upvest
usekernel	Kernel
usul	Usul
v7labs.com	V7
vClusterLabs	vCluster Labs
vacuumgroup	Vacuumgroup / Vacuumlabs
vaeridion	VÆRIDION
valence	Valence Discovery
valency	Valency Systems Inc.
valeriehealth	Valerie Health
valinor	Valinor Enterprises, Inc.
valiussciences	Valius Sciences
valkai	Valkai
vals-ai	Vals AI
valstad	Valstad
valthos	Valthos
vandenboomassociates	van den Boom & Associates
vanilla	Vanilla Technologies
vanishid	VanishID
vanta	Vanta
vantage	Vantage
vantageanalytics	Vantage
vantheon	Vantheon
vapi	Vapi
variant-fund	Variant
vasco	Vasco
vastai	Vast.ai
vea-connect	VEA Connect
vector	Vector
veda	Veda Tech Labs Inc
veeda-ai	Veeda AI
veezu	Veezu
vega	Vega
veho-tech-inc	Veho
veliu	Veliu
velocity	Velocity
venatus.com	Venatus
vend-park	Vend Park
vendelux	Vendelux
venn	Venn
ventuals	Ventuals
verdance	Verdance
verge-labs	Verge Labs
verisoul	Verisoul
versemedical	Verse Medical
vertical-aerospace	Vertical Aerospace
verticalsemi	Vertical Semiconductor
vertice	Vertice
verto	Verto
vesta	Vesta Innovations Inc.
vibe	Vibe
victorious	Victorious
videa.ai	Videa
vidrush	VIDRUSH AI STUDIOS LLP
viessmann	Viessmann Generations Group
viggle	Viggle AI
vigil-markets	Vigil Markets
viktor	Viktor
vio	Vio
violet	VIOLET
virahealth	Vira Health
virio	Virio
virtahealth	Virta Health
virtuous	Virtuous
vistar	Vistar Media
vitable	Vitable
vital-lyfe	Vital Lyfe
vitalize	Vitalize
vitvio	VitVio
vivian-health	Vivian Health
vivun	Vivun Inc.
vizcom	Vizcom
vizzia	Vizzia
vmax	Vmax AI Corp
voicemod	Voicemod
voize	voize
voladynamics	Vola Dynamics
voldex	Voldex Games
voleon	The Voleon Group
volition-capital	Volition Capital
volley-automation	Volley Automation
volta	Volta
voltai.careers	Voltai
voltrac	Voltrac S.L.
voodoo	Voodoo
vooma	Vooma
vorticity	Vorticity Inc.
vorto	Vorto
vow	Vow
voyant-photonics	Voyant Photonics
voyfai	Voyfai
vyn	Vyn
vynca	Vynca
wabi	Wabi, Inc.
wafer	Wafer
wagmo	Wagmo
wallbit	Wallbit
walrus	Walrus Foundation
walrusfi	Walrus
wand	Wand
wand-ai	Wand Synthesis AI Inc
warp	Warp
watney	Watney
wayflyer	Wayflyer
wayve	Wayve
wealth-com	Wealth.com
wealthsimple	Wealthsimple Technologies
wearebeyondsports	Beyond Sports
weave	Weave
weave-grid	WeaveGrid, Inc.
weaviate	Weaviate
webAI	webAI
weekend	Weekend
welfarefootprint	Welfare Footprint Institute
wellsheet	Wellsheet
welltech	Welltech
wellth	Wellth
welltheory	WellTheory
wemolo	Wemolo
westmag	Western Magnetics Company
wetravel	WeTravel
whalo	Whalo
what3words	what3words
whatnot	Whatnot
wheel	Wheel
whetstoneresearch	Whetstone Research
whippy	Whippy
whisk	Whisk
whiskeylibrary	Whiskey Library
whitecircle	White Circle
whoop	Whoop
whop	Whop
widgetfactory	idlexperts
willow-health	Willow Health
willreed	Will Reed
wilson	WilsonAI
wincent	Wincent
windborne-systems	WindBorne Systems
windfall	Windfall Trust
windranger	Windranger Labs
wirescreen	WireScreen
wispr-flow	Wispr Flow
wistia	Wistia
withcherry	Cherry Technologies, Inc.
withclutch	Clutch
withco	withco
withdaydream	daydream
withdefault	Default
withflex	Flex
within.ai	Within
withpace	Pace
withpulley	Pulley
withwisdom	Wisdom
witnessai	Witness AI
wolfjaw-careers	Wolfjaw Studios
wonderful	Wonderful
wonderly	Wonderly
wordsmith	Wordsmith AI
workerbase	WORKERBASE
workhero	WorkHero
workhuman	Workhuman
workos	WorkOS
worktrace ai	Worktrace AI
workwhilejobs	WorkWhile
workyard	Workyard
world-foundation	World Foundation
world-golf-tour	World Golf Tour (WGT)
worldlabs	World Labs
worldly	Worldly
wormholelabs	Wormhole Labs
wraithwatch	Wraithwatch Corporation
wrapbook	Wrapbook
wursta	Wursta
wynd-labs	Wynd Labs
xapien	Xapien
xbowcareers	XBOW
xds	XDS
xenon	Xenon Pharmaceuticals
xephyr	Xephyr
xero	Xero
xnrgy-climate-systems	XNRGY Climate Systems
xona-space	Xona Space Systems
xyz-reality	XYZ Reality
yadda	Yadda
yazio	Yazio
ycombinator	Y Combinator
yeet	yeet
yendo	Yendo
yepoda	Yepoda
yobi	Yobi
yolabs	Yo Labs
yondr	Yondr
yotta	Yotta Labs
you-health	You Health
yourco	Yourco, Inc.
yubo	Yubo
yumaai	Yuma AI
zafran-security	Zafran Security
zapier	Zapier
zauber	Zauber
zayzoon	ZayZoon
zeal-network	Zeal Network
zed	Zed
zedfinancial	Zed
zeely	Zeely Inc.
zefir	Zefir
zefr	Zefr
zeit-ai	Zeit AI (YC S24)
zencastr	Zencastr
zenjob	Zenjob
zeno	Zeno
zenos	Zenos
zettabyte-space	Zettabyte
zilch	Zilch
zip	Zip
ziplines	Ziplines, Inc.
zippymh	Zippy
zodl	ZODL
zoe	ZOE
zoomlogi	Zoomlogi
zowie	Zowie
zuru	ZURU
zydro	Zydro Marine Technologies
zyphra	Zyphra
